Fecha;Fase;Equipo;Turno_A;Turno_B;Total;Plan;Cumplimiento_TA;Cumplimiento_TB;Cumplimiento_Diario;Estado_TA;Estado_TB;Tipo
27-10;F12;ROC;264;202.5;466.5;0;0;0;0;;;Equipo
27-10;F12;PF03;146.8;80;226.8;353.313;83.1;45.3;64.2;;;Equipo
27-10;F12;TOTAL_FASE;410.8;282.5;693.3;353.313;232.5;159.9;196.2;;;Total_Fase
27-10;F10;TOTAL_FASE;0;0;0;0;0;0;0;;;Total_Fase
27-10;F09;PF21;175;180;355;319.69520000000006;109.5;112.6;111;;;Equipo
27-10;F09;PF23;138;101;239;338.25;81.6;59.7;70.7;;;Equipo
27-10;F09;PF24;140;0;140;365.01;76.7;0;38.4;;;Equipo
27-10;F09;PF25;0;0;0;0;0;0;0;;;Equipo
27-10;F09;PF26;190;147.3;337.3;295.03296000000006;128.8;99.9;114.3;;;Equipo
27-10;F09;ROC;115.9;34.5;0;0;0;0;0;;;Equipo
27-10;F09;TOTAL_FASE;218;353.3;571.3;0;0;0;0;;;Total_Fase
27-10;F11;TOTAL_FASE;1515.7;1298.6;2655.8999999999996;2339.04756;129.6;111;113.5;;;Total_Fase
27-10;TODAS;TOTAL_DIA;0;0;0;0;0;0;0;;;Total_Dia
28-10;F12;ROC;272;144;416;0;0;0;0;;;Equipo
28-10;F12;PF03;204;367;571;0;0;0;0;;;Equipo
28-10;F12;TOTAL_FASE;476;511;987;0;0;0;0;;;Total_Fase
28-10;F10;TOTAL_FASE;0;0;0;0;0;0;0;;;Total_Fase
28-10;F09;PF21;216;100;316;255.75616000000002;168.9;78.2;123.6;;;Equipo
28-10;F09;PF23;231;93;324;98.09249999999997;471;189.6;330.3;;;Equipo
28-10;F09;PF24;100;117;217;101.25059999999999;197.5;231.1;214.3;;;Equipo
28-10;F09;PF25;0;0;0;0;0;0;0;;;Equipo
28-10;F09;PF26;208;124;332;250.84928000000002;165.8;98.9;132.4;;;Equipo
28-10;F09;ROC;92;19.4;111.4;0;0;0;0;;;Equipo
28-10;F09;TOTAL_FASE;454;246;454;702.3856000000001;129.3;70;64.6;;;Total_Fase
28-10;F11;TOTAL_FASE;1991;1386.4;3055.4;1636.252732;243.4;169.5;186.7;;;Total_Fase
28-10;TODAS;TOTAL_DIA;0;0;0;0;0;0;0;;;Total_Dia
29-10;F12;ROC;99;0;99;0;0;0;0;;;Equipo
29-10;F12;PF03;150;150;300;172.73080000000002;173.7;173.7;173.7;;;Equipo
29-10;F12;TOTAL_FASE;249;150;399;172.73080000000002;288.3;173.7;231;;;Total_Fase
29-10;F10;TOTAL_FASE;0;0;0;0;0;0;0;;;Total_Fase
29-10;F09;PF21;170;147;317;319.69520000000006;106.4;92;99.2;;;Equipo
29-10;F09;PF23;110;148;258;297.65999999999997;73.9;99.4;86.7;;;Equipo
29-10;F09;PF24;165;67;232;307.24320000000006;107.4;43.6;75.5;;;Equipo
29-10;F09;PF25;0;0;0;284.71396799999997;0;0;0;;;Equipo
29-10;F09;PF26;160;152;312;313.56160000000006;102.1;97;99.5;;;Equipo
29-10;F09;ROC;0;0;0;0;0;0;0;;;Equipo
29-10;F09;TOTAL_FASE;222;555;777;702.3856000000001;63.2;158;110.6;;;Total_Fase
29-10;F11;TOTAL_FASE;1518;1594;3112;2714.543968;111.8;117.4;114.6;;;Total_Fase
29-10;TODAS;TOTAL_DIA;0;0;0;0;0;0;0;;;Total_Dia
30-10;F12;ROC;0;61.8;61.8;0;0;0;0;;;Equipo
30-10;F12;PF03;230;148;378;69.09232;665.8;428.4;547.1;;;Equipo
30-10;F12;TOTAL_FASE;230;209.8;439.8;69.09232;665.8;607.3;636.5;;;Total_Fase
30-10;F10;TOTAL_FASE;0;0;0;0;0;0;0;;;Total_Fase
30-10;F09;PF21;170;191;361;255.75616000000002;132.9;149.4;141.2;;;Equipo
30-10;F09;PF23;104;202;306;169.125;123;238.9;180.9;;;Equipo
30-10;F09;PF24;79;0;79;174.57000000000002;90.5;0;45.3;;;Equipo
30-10;F09;PF25;60;105;165;172.09499999999997;69.7;122;95.9;;;Equipo
30-10;F09;PF26;180;171;351;225.76435200000003;159.5;151.5;155.5;;;Equipo
30-10;F09;ROC;0;0;0;0;0;0;0;;;Equipo
30-10;F09;TOTAL_FASE;468;466;934;423.15148800000003;221.2;220.3;220.7;;;Total_Fase
30-10;F11;TOTAL_FASE;1789;1635.8;3424.8;1806.1079200000001;198.1;181.1;189.6;;;Total_Fase
30-10;TODAS;TOTAL_DIA;0;0;0;0;0;0;0;;;Total_Dia
31-10;F12;ROC;309;0;309;0;0;0;0;;;Equipo
31-10;F12;PF03;38;17;55;377;20.2;9;14.6;;;Equipo
31-10;F12;TOTAL_FASE;347;17;364;377;184.1;9;96.6;;;Total_Fase
31-10;F10;TOTAL_FASE;0;0;0;0;0;0;0;;;Total_Fase
31-10;F09;PF21;237;150;387;320;148.1;93.8;120.9;;;Equipo
31-10;F09;PF23;120;79;199;150;160;105.3;132.7;;;Equipo
31-10;F09;PF24;0;204;204;0;0;0;0;;;Equipo
31-10;F09;PF25;210;170;380;289;145.3;117.6;131.5;;;Equipo
31-10;F09;PF26;115;201;316;282;81.6;142.6;112.1;;;Equipo
31-10;F09;ROC;0;0;0;0;0;0;0;;;Equipo
31-10;F09;TOTAL_FASE;130;216;346;602;43.2;71.8;57.5;;;Total_Fase
31-10;F11;TOTAL_FASE;1449;1274;2723;2337;124;109;116.5;;;Total_Fase
31-10;TODAS;TOTAL_DIA;0;0;0;0;0;0;0;;;Total_Dia
01-11;F12;ROC;77.5;0;77.5;0;0;0;0;Operativa;;Equipo
01-11;F12;TOTAL_FASE;77.5;0;77.5;0;0;0;0;;;Total_Fase
01-11;F10;TOTAL_FASE;0;0;0;0;0;0;0;;;Total_Fase
01-11;F09;PF21;239;103;342;267;179;77.2;128.1;FS sensor Rod siport/;;Equipo
01-11;F09;PF23;0;0;0;83;0;0;0;FS Fuga de aire cabezal /;;Equipo
01-11;F09;PF24;155;54;209;170;182.4;63.5;122.9;FS Tefolnes /;;Equipo
01-11;F09;PF25;317;0;317;161;393.8;0;196.9;Operativa;;Equipo
01-11;F09;PF26;200;114;314;262;152.7;87;119.8;Operativa/ FS Perno Tazon / Operativa;;Equipo
01-11;F09;PF03;0;0;0;0;0;0;0;Mantención;;Equipo
01-11;F09;TOTAL_FASE;360;556;916;602;119.6;184.7;152.2;;;Total_Fase
01-11;F11;TOTAL_FASE;1426.5;827;2253.5;1783;160;92.8;126.4;;;Total_Fase
01-11;TODAS;TOTAL_DIA;0;0;0;0;0;0;0;;;Total_Dia
02-11;F12;ROC;0;0;0;0;0;0;0;Operativa;;Equipo
02-11;F12;TOTAL_FASE;0;0;0;0;0;0;0;;;Total_Fase
02-11;F10;TOTAL_FASE;0;0;0;0;0;0;0;;;Total_Fase
02-11;F09;PF21;255;181;436;334;152.7;108.4;130.5;FS sensor Rod siport/;;Equipo
02-11;F09;PF23;100;153;253;147;136.1;208.2;172.1;FS Fuga de aire cabezal /;;Equipo
02-11;F09;PF24;90;144;234;300;60;96;78;FS Tefolnes /;;Equipo
02-11;F09;PF25;118;139;257;283;83.4;98.2;90.8;Operativa;;Equipo
02-11;F09;PF26;216;180;396;328;131.7;109.8;120.7;Operativa/ FS Perno Tazon / Operativa;;Equipo
02-11;F09;PF03;0;0;0;0;0;0;0;Mantención;;Equipo
02-11;F09;TOTAL_FASE;501;0;501;602;166.4;0;83.2;;;Total_Fase
02-11;F11;TOTAL_FASE;1490;1018;2508;2325;128.2;87.6;107.9;;;Total_Fase
02-11;TODAS;TOTAL_DIA;0;0;0;0;0;0;0;;;Total_Dia
03-11;F12;ROC;0;0;0;0;0;0;0;Operativa;;Equipo
03-11;F12;TOTAL_FASE;0;0;0;0;0;0;0;;;Total_Fase
03-11;F10;TOTAL_FASE;0;0;0;0;0;0;0;;;Total_Fase
03-11;F09;PF21;275;150;425;334;164.7;89.8;127.2;FS sensor Rod siport/;;Equipo
03-11;F09;PF23;223;205;428;167;267.1;245.5;256.3;FS Fuga de aire cabezal /;;Equipo
03-11;F09;PF24;0;0;0;341;0;0;0;FS Tefolnes /;;Equipo
03-11;F09;PF25;328;231;559;321;204.4;143.9;174.1;Operativa;;Equipo
03-11;F09;PF26;197;26;223;328;120.1;15.9;68;Operativa/ FS Perno Tazon / Operativa;;Equipo
03-11;F09;PF03;0;0;0;0;0;0;0;Mantención;;Equipo
03-11;F09;TOTAL_FASE;0;132;132;632;0;41.8;20.9;;;Total_Fase
03-11;F11;TOTAL_FASE;1243;914;2157;2454;101.3;74.5;87.9;;;Total_Fase
03-11;TODAS;TOTAL_DIA;0;0;0;0;0;0;0;;;Total_Dia
04-11;F12;ROC;0;0;0;0;0;0;0;Operativa Espera traslado;;Equipo
04-11;F12;TOTAL_FASE;0;0;0;0;0;0;0;;;Total_Fase
04-11;F10;TOTAL_FASE;0;0;0;0;0;0;0;;;Total_Fase
04-11;F09;PF21;261;96;357;334;156.3;57.5;106.9;Operativa;;Equipo
04-11;F09;PF23;165;12;177;167;197.6;14.4;106;Traslado / Operativa;;Equipo
04-11;F09;PF24;107;54;161;341;62.8;31.7;47.2;Traslado / Operativa;;Equipo
04-11;F09;PF25;171;136;307;321;106.5;84.7;95.6;Traslado / Operativa;;Equipo
04-11;F09;PF26;69;112;181;328;42.1;68.3;55.2;FS Fuga aceites / Operativa;;Equipo
04-11;F09;PF03;0;0;0;192;0;0;0;Resrva;;Equipo
04-11;F09;TOTAL_FASE;431;162;593;562;153.4;57.7;105.5;;;Total_Fase
04-11;F11;TOTAL_FASE;1340;732;2072;2369;113.1;61.8;87.5;;;Total_Fase
04-11;TODAS;TOTAL_DIA;0;0;0;0;0;0;0;;;Total_Dia
05-11;F12;ROC;0;0;0;0;0;0;0;Operativa Espera traslado;;Equipo
05-11;F12;TOTAL_FASE;0;0;0;0;0;0;0;;;Total_Fase
05-11;F10;TOTAL_FASE;0;0;0;0;0;0;0;;;Total_Fase
05-11;F09;PF07;97;85;182;158;122.8;107.6;115.2;Operativa;;Equipo
05-11;F09;PF21;130;300;430;334;77.8;179.6;128.7;Traslado / Operativa;;Equipo
05-11;F09;PF23;133;50;183;0;0;0;0;Traslado / Operativa;;Equipo
05-11;F09;PF24;150;150;300;326;92;92;92;Traslado / Operativa;;Equipo
05-11;F09;PF25;159;120;279;321;99.1;74.8;86.9;FS Fuga aceites / Operativa;;Equipo
05-11;F09;PF26;152.9;158;310.9;164;186.5;192.7;189.6;Resrva;;Equipo
05-11;F09;TOTAL_FASE;175;260;435;632;55.4;82.3;68.8;;;Total_Fase
05-11;F11;TOTAL_FASE;1359.3;1273;2632.3;2320;117.2;109.7;113.5;;;Total_Fase
05-11;TODAS;TOTAL_DIA;0;0;0;0;0;0;0;;;Total_Dia
06-11;F12;ROC;0;0;0;0;0;0;0;Operativa Espera traslado;;Equipo
06-11;F12;TOTAL_FASE;0;0;0;0;0;0;0;;;Total_Fase
06-11;F10;TOTAL_FASE;0;0;0;0;0;0;0;;;Total_Fase
06-11;F09;PF21;220;162;382;256;171.9;126.6;149.2;Operativa;;Equipo
06-11;F09;PF23;0;0;0;0;0;0;0;Traslado / Operativa;;Equipo
06-11;F09;PF24;160;204;364;163;196.3;250.3;223.3;Traslado / Operativa;;Equipo
06-11;F09;PF25;101;240;341;161;125.5;298.1;211.8;Traslado / Operativa;;Equipo
06-11;F09;PF26;45.1;0;45.1;0;0;0;0;FS Fuga aceites / Operativa;;Equipo
06-11;F09;TOTAL_FASE;306.5;434;740.5;702;87.3;123.6;105.5;;;Total_Fase
06-11;F11;Roc;232;375;607;0;0;0;0;;;Equipo
06-11;F11;TOTAL_FASE;1481.6;1940;3421.6;1920;154.3;202.1;178.2;;;Total_Fase
06-11;TODAS;TOTAL_DIA;0;0;0;0;0;0;0;;;Total_Dia
07-11;F12;TOTAL_FASE;0;0;0;0;0;0;0;;;Total_Fase
07-11;F10;TOTAL_FASE;0;0;0;0;0;0;0;;;Total_Fase
07-11;F09;PF21;150;73;223;314;95.5;46.5;71;Operativa;;Equipo
07-11;F09;PF23;0;0;0;0;0;0;0;Traslado / Operativa;;Equipo
07-11;F09;PF24;153;200;353;337;90.8;118.7;104.7;Traslado / Operativa;;Equipo
07-11;F09;PF25;170;238;408;343;99.1;138.8;119;Traslado / Operativa;;Equipo
07-11;F09;PF26;157.5;170;327.5;322;97.8;105.6;101.7;FS Fuga aceites / Operativa;;Equipo
07-11;F09;TOTAL_FASE;188;0;188;0;0;0;0;;;Total_Fase
07-11;F11;ROC;144.1;289.6;433.70000000000005;0;0;0;0;;;Equipo
07-11;F11;TOTAL_FASE;1343.6;1170.6;2514.2;1925;139.6;121.6;130.6;;;Total_Fase
07-11;TODAS;TOTAL_DIA;0;0;0;0;0;0;0;;;Total_Dia
08-11;F12;TOTAL_FASE;0;0;0;0;0;0;0;;;Total_Fase
08-11;F10;PF22;184;57;241;268;137.3;42.5;89.9;;;Equipo
08-11;F10;TOTAL_FASE;0;0;0;0;0;0;0;;;Total_Fase
08-11;F09;PF07;215;83;298;0;0;0;0;Operativa;;Equipo
08-11;F09;PF21;210;194;404;252;166.7;154;160.3;Traslado / Operativa;;Equipo
08-11;F09;PF23;0;0;0;162;0;0;0;Traslado / Operativa;;Equipo
08-11;F09;PF24;220;160;380;169;260.4;189.3;224.9;Traslado / Operativa;;Equipo
08-11;F09;PF25;248;186;434;172;288.4;216.3;252.3;FS Fuga aceites / Operativa;;Equipo
08-11;F09;PF26;210;175;385;257;163.4;136.2;149.8;Resrva;;Equipo
08-11;F09;ROC;148.4;64;212.4;0;0;0;0;Resrva;;Equipo
08-11;F09;TOTAL_FASE;0;0;0;0;0;0;0;;;Total_Fase
08-11;F11;TOTAL_FASE;0;0;0;0;0;0;0;;;Total_Fase
08-11;TODAS;TOTAL_DIA;0;0;0;0;0;0;0;;;Total_Dia
09-11;F12;TOTAL_FASE;0;0;0;0;0;0;0;;;Total_Fase
09-11;F10;PF22;185;30;215;335;110.4;17.9;64.2;;;Equipo
09-11;F10;TOTAL_FASE;0;0;0;0;0;0;0;;;Total_Fase
09-11;F09;PF07;0;20;20;620;0;6.5;3.2;Operativa;;Equipo
09-11;F09;PF21;200;45;245;63;634.9;142.9;388.9;Traslado / Operativa;;Equipo
09-11;F09;PF23;93;185;278;325;57.2;113.8;85.5;Traslado / Operativa;;Equipo
09-11;F09;PF24;200;142;342;337;118.7;84.3;101.5;Traslado / Operativa;;Equipo
09-11;F09;PF25;157;173;330;343;91.5;100.9;96.2;FS Fuga aceites / Operativa;;Equipo
09-11;F09;PF26;175;174;349;322;108.7;108.1;108.4;Resrva;;Equipo
09-11;F09;ROC;218;131;349;0;0;0;0;Resrva;;Equipo
09-11;F09;TOTAL_FASE;0;0;0;0;0;0;0;;;Total_Fase
09-11;F11;TOTAL_FASE;0;0;0;0;0;0;0;;;Total_Fase
09-11;TODAS;TOTAL_DIA;0;0;0;0;0;0;0;;;Total_Dia
10-11;F12;PF03;290;158;448;255;227.5;123.9;175.7;Operativa Espera traslado;;Equipo
10-11;F12;ROC;217;219;436;0;0;0;0;;;Equipo
10-11;F12;TOTAL_FASE;507;377;884;255;397.6;295.7;346.7;;;Total_Fase
10-11;F10;PF07;90;110;200;620;29;35.5;32.3;;;Equipo
10-11;F10;PF22;0;56;56;335;0;33.4;16.7;;;Equipo
10-11;F10;TOTAL_FASE;0;0;0;0;0;0;0;;;Total_Fase
10-11;F09;PF23;189;217;406;325;116.3;133.5;124.9;Operativa;;Equipo
10-11;F09;PF24;130;230;360;304;85.5;151.3;118.4;Traslado / Operativa;;Equipo
10-11;F09;PF25;241;156;397;309;156;101;128.5;Traslado / Operativa;;Equipo
10-11;F09;PF26;179;200;379;322;111.2;124.2;117.7;Traslado / Operativa;;Equipo
10-11;F09;ROC;51;0;51;0;0;0;0;FS Fuga aceites / Operativa;;Equipo
10-11;F09;TOTAL_FASE;0;0;0;0;0;0;0;;;Total_Fase
10-11;F11;TOTAL_FASE;0;0;0;0;0;0;0;;;Total_Fase
10-11;TODAS;TOTAL_DIA;0;0;0;0;0;0;0;;;Total_Dia
11-11;F12;PF03;172;123;295;243;141.6;101.2;121.4;Operativa Espera traslado;;Equipo
11-11;F12;ROC;250.8;251;501.8;0;0;0;0;;;Equipo
11-11;F12;TOTAL_FASE;422.8;374;796.8;243;348;307.8;327.9;;;Total_Fase
11-11;F10;PF07;31;0;31;620;10;0;5;;;Equipo
11-11;F10;PF22;124;170;294;335;74;101.5;87.8;;;Equipo
11-11;F10;TOTAL_FASE;0;0;0;0;0;0;0;;;Total_Fase
11-11;F09;PF24;190;34;224;169;224.9;40.2;132.5;Operativa;;Equipo
11-11;F09;PF25;249;33;282;172;289.5;38.4;164;Traslado / Operativa;;Equipo
11-11;F09;PF26;185;100;285;232;159.5;86.2;122.8;Traslado / Operativa;;Equipo
11-11;F09;ROC;0;0;0;0;0;0;0;Traslado / Operativa;;Equipo
11-11;F09;TOTAL_FASE;0;0;0;0;0;0;0;;;Total_Fase
11-11;F11;ROC;0;0;0;0;0;0;0;Sin Equipos;;Equipo
11-11;F11;TOTAL_FASE;0;0;0;0;0;0;0;;;Total_Fase
11-11;TODAS;TOTAL_DIA;0;0;0;0;0;0;0;;;Total_Dia
12-11;F12;PF03;136;210;346;556;48.9;75.5;62.2;Operativa Espera traslado;;Equipo
12-11;F12;ROC;385;268;653;0;0;0;0;;;Equipo
12-11;F12;TOTAL_FASE;521;478;999;556;187.4;171.9;179.7;;;Total_Fase
12-11;F10;PF07;0;107;107;620;0;34.5;17.3;;;Equipo
12-11;F10;PF22;142;79;221;335;84.8;47.2;66;;;Equipo
12-11;F10;TOTAL_FASE;0;0;0;0;0;0;0;;;Total_Fase
12-11;F09;PF24;123;0;123;267;92.1;0;46.1;Operativa;;Equipo
12-11;F09;PF25;96;77;173;302;63.6;51;57.3;Traslado / Operativa;;Equipo
12-11;F09;PF26;160;0;160;322;99.4;0;49.7;Traslado / Operativa;;Equipo
12-11;F09;ROC;0;0;0;0;0;0;0;Traslado / Operativa;;Equipo
12-11;F09;TOTAL_FASE;0;0;0;0;0;0;0;;;Total_Fase
12-11;F11;ROC;0;0;0;0;0;0;0;Sin Equipos;;Equipo
12-11;F11;TOTAL_FASE;0;0;0;0;0;0;0;;;Total_Fase
12-11;TODAS;TOTAL_DIA;0;0;0;0;0;0;0;;;Total_Dia
13-11;F12;PF03;255;168;423;556;91.7;60.4;76.1;Operativa Espera traslado;;Equipo
13-11;F12;ROC;224;130;354;0;0;0;0;;;Equipo
13-11;F12;TOTAL_FASE;479;298;777;556;172.3;107.2;139.7;;;Total_Fase
13-11;F10;PF07;159;377;536;620;51.3;121.6;86.5;;;Equipo
13-11;F10;TOTAL_FASE;0;0;0;0;0;0;0;;;Total_Fase
13-11;F09;PF24;150;197;347;169;177.5;233.1;205.3;Operativa;;Equipo
13-11;F09;PF25;194;220;414;172;225.6;255.8;240.7;Traslado / Operativa;;Equipo
13-11;F09;PF26;126;136;262;257;98.1;105.8;101.9;Traslado / Operativa;;Equipo
13-11;F09;ROC;0;0;0;0;0;0;0;Traslado / Operativa;;Equipo
13-11;F09;TOTAL_FASE;0;0;0;0;0;0;0;;;Total_Fase
13-11;F11;ROC;0;0;0;0;0;0;0;Sin Equipos;;Equipo
13-11;F11;PF22;138;205;343;0;0;0;0;;;Equipo
13-11;F11;TOTAL_FASE;0;0;0;0;0;0;0;;;Total_Fase
13-11;TODAS;TOTAL_DIA;0;0;0;0;0;0;0;;;Total_Dia
14-11;F12;TOTAL_FASE;0;0;0;0;0;0;0;;;Total_Fase
14-11;F10;PF 22;149;0;149;0;0;0;0;;;Equipo
14-11;F10;TOTAL_FASE;0;0;0;0;0;0;0;;;Total_Fase
14-11;F09;PF24;159;195;354;297;107.1;131.3;119.2;Operativa;;Equipo
14-11;F09;PF25;248;136;384;302;164.2;90.1;127.2;Traslado / Operativa;;Equipo
14-11;F09;PF03;50;85;135;157;63.7;108.3;86;Traslado / Operativa;;Equipo
14-11;F09;TOTAL_FASE;0;0;0;0;0;0;0;;;Total_Fase
14-11;F11;PF07;395;368;763;286;276.2;257.3;266.8;Sin Equipos;;Equipo
14-11;F11;PF26;300;234;534;649;92.4;72.1;82.3;;;Equipo
14-11;F11;PF22;0;246;246;657;0;74.9;37.4;;;Equipo
14-11;F11;TOTAL_FASE;0;0;0;0;0;0;0;;;Total_Fase
14-11;TODAS;TOTAL_DIA;0;0;0;0;0;0;0;;;Total_Dia
15-11;F12;TOTAL_FASE;0;0;0;0;0;0;0;;;Total_Fase
15-11;F10;PF 21;0;50;50;0;0;0;0;;;Equipo
15-11;F10;PF 22;0;0;0;433;0;0;0;;;Equipo
15-11;F10;PF 07;0;120;120;0;0;0;0;;;Equipo
15-11;F10;TOTAL_FASE;0;0;0;0;0;0;0;;;Total_Fase
15-11;F09;PF24;206;233;439;155;265.8;300.6;283.2;Operativa;;Equipo
15-11;F09;PF25;160;19;179;158;202.5;24.1;113.3;Traslado / Operativa;;Equipo
15-11;F09;PF03;128;132;260;157;163.1;168.2;165.6;Traslado / Operativa;;Equipo
15-11;F09;TOTAL_FASE;0;0;0;0;0;0;0;;;Total_Fase
15-11;F11;PF07;306;0;306;286;214;0;107;Sin Equipos;;Equipo
15-11;F11;PF26;367;175;542;227;323.3;154.2;238.8;;;Equipo
15-11;F11;PF22;261;155;416;148;352.7;209.5;281.1;;;Equipo
15-11;F11;TOTAL_FASE;0;0;0;458;0;0;0;;;Total_Fase
15-11;TODAS;TOTAL_DIA;0;0;0;0;0;0;0;;;Total_Dia
16-11;F12;TOTAL_FASE;0;0;0;0;0;0;0;;;Total_Fase
16-11;F10;PF26;77;56;133;146;105.5;76.7;91.1;;;Equipo
16-11;F10;PF22;17;50;67;148;23;67.6;45.3;;;Equipo
16-11;F10;PF21;256;185;441;138;0;0;0;;;Equipo
16-11;F10;PF07;162;119;281;143;226.6;166.4;196.5;;;Equipo
16-11;F10;TOTAL_FASE;512;410;922;575;178.1;142.6;160.3;;;Total_Fase
16-11;F09;PF23;22;53;75;149;29.5;71.1;50.3;FS Fuga Agua / Operativa;;Equipo
16-11;F09;PF24;143;49;192;155;184.5;63.2;123.9;Operativa;;Equipo
16-11;F09;PF25;130;66;196;158;164.6;83.5;124.1;Traslado / Operativa;;Equipo
16-11;F09;PF03;101;31;132;78;259;79.5;169.2;Traslado / Operativa;;Equipo
16-11;F09;TOTAL_FASE;396;199;595;540;146.7;73.7;110.2;;;Total_Fase
16-11;F11;TOTAL_FASE;0;0;0;0;0;0;0;;;Total_Fase
16-11;TODAS;TOTAL_DIA;908;609;1517;1115;162.9;109.2;136.1;;;Total_Dia
17-11;F12;TOTAL_FASE;0;0;0;0;0;0;0;;;Total_Fase
17-11;F10;PF26;130;159;289;291;89.3;109.3;99.3;;;Equipo
17-11;F10;PF22;82;49;131;295;55.6;33.2;44.4;;;Equipo
17-11;F10;PF21;215;75;290;69;0;0;0;;;Equipo
17-11;F10;PF07;147;163;310;286;102.8;114;108.4;;;Equipo
17-11;F10;TOTAL_FASE;574;446;1020;941;122;94.8;108.4;;;Total_Fase
17-11;F09;PF23;106;142;248;298;71.1;95.3;83.2;FS Fuga Agua / Operativa;;Equipo
17-11;F09;PF24;109;198;307;310;70.3;127.7;99;Operativa;;Equipo
17-11;F09;PF25;0;181;181;316;0;114.6;57.3;Traslado / Operativa;;Equipo
17-11;F09;PF03;60;104;164;157;76.4;132.5;104.5;Traslado / Operativa;;Equipo
17-11;F09;TOTAL_FASE;275;625;900;1081;50.9;115.6;83.3;;;Total_Fase
17-11;F11;TOTAL_FASE;0;0;0;0;0;0;0;;;Total_Fase
17-11;TODAS;TOTAL_DIA;849;1071;1920;2022;84;105.9;95;;;Total_Dia
18-11;F12;TOTAL_FASE;0;0;0;0;0;0;0;;;Total_Fase
18-11;F10;PF26;224;66;290;146;306.8;90.4;198.6;;;Equipo
18-11;F10;PF22;67;56;123;295;45.4;38;41.7;;;Equipo
18-11;F10;PF21;188;223;411;0;0;0;0;;;Equipo
18-11;F10;PF07;200;225;425;143;279.7;314.7;297.2;;;Equipo
18-11;F10;TOTAL_FASE;679;570;1249;584;232.5;195.2;213.9;;;Total_Fase
18-11;F09;PF23;105;157;262;298;70.5;105.4;87.9;FS Fuga Agua / Operativa;;Equipo
18-11;F09;PF24;73;212;285;310;47.1;136.8;91.9;Operativa;;Equipo
18-11;F09;PF25;123;195;318;316;77.8;123.4;100.6;Traslado / Operativa;;Equipo
18-11;F09;PF03;112;31;143;157;142.7;39.5;91.1;Traslado / Operativa;;Equipo
18-11;F09;TOTAL_FASE;413;595;1008;1081;76.4;110.1;93.2;;;Total_Fase
18-11;F11;PFARR;0;0;0;308;0;0;0;Operativa;;Equipo
18-11;F11;TOTAL_FASE;0;0;0;308;0;0;0;;;Total_Fase
18-11;TODAS;TOTAL_DIA;1092;1165;2257;1973;110.7;118.1;114.4;;;Total_Dia
19-11;F12;TOTAL_FASE;0;0;0;0;0;0;0;;;Total_Fase
19-11;F10;PF26;224;66;290;152;294.7;86.8;190.8;;;Equipo
19-11;F10;PF22;67;56;123;0;0;0;0;;;Equipo
19-11;F10;PF21;188;223;411;0;0;0;0;;;Equipo
19-11;F10;PF07;200;225;425;143;279.7;314.7;297.2;;;Equipo
19-11;F10;TOTAL_FASE;679;570;1249;295;460.3;386.4;423.4;;;Total_Fase
19-11;F09;PF23;105;157;262;298;70.5;105.4;87.9;FS Fuga Agua / Operativa;;Equipo
19-11;F09;PF24;73;212;285;310;47.1;136.8;91.9;Operativa;;Equipo
19-11;F09;PF25;123;195;318;316;77.8;123.4;100.6;Traslado / Operativa;;Equipo
19-11;F09;PF03;112;31;143;157;142.7;39.5;91.1;Traslado / Operativa;;Equipo
19-11;F09;TOTAL_FASE;413;595;1008;1081;76.4;110.1;93.2;;;Total_Fase
19-11;F11;PFARR;0;0;0;616;0;0;0;Operativa;;Equipo
19-11;F11;TOTAL_FASE;0;0;0;616;0;0;0;;;Total_Fase
19-11;TODAS;TOTAL_DIA;1092;1165;2257;1992;109.6;117;113.3;;;Total_Dia
20-11;F12;PF07;140;302;442;200;140;302;221;Operativa Espera traslado;;Equipo
20-11;F12;TOTAL_FASE;140;302;442;200;140;302;221;;;Total_Fase
20-11;F10;PF26;175;131;306;213;164.3;123;143.7;;;Equipo
20-11;F10;PF22;0;0;0;207;0;0;0;;;Equipo
20-11;F10;PF21;0;0;0;48;0;0;0;;;Equipo
20-11;F10;PF07;0;0;0;0;0;0;0;;;Equipo
20-11;F10;TOTAL_FASE;175;131;306;468;74.8;56;65.4;;;Total_Fase
20-11;F09;PF23;168;140;308;209;160.8;134;147.4;FS Fuga Agua / Operativa;;Equipo
20-11;F09;PF24;220;107;327;217;202.8;98.6;150.7;Operativa;;Equipo
20-11;F09;PF25;172;157;329;221;155.7;142.1;148.9;Traslado / Operativa;;Equipo
20-11;F09;PF03;0;0;0;110;0;0;0;Traslado / Operativa;;Equipo
20-11;F09;TOTAL_FASE;560;404;964;757;148;106.7;127.3;;;Total_Fase
20-11;F11;PFARR;0;0;0;554;0;0;0;Operativa;;Equipo
20-11;F11;TOTAL_FASE;0;0;0;554;0;0;0;;;Total_Fase
20-11;TODAS;TOTAL_DIA;875;837;1712;1979;88.4;84.6;86.5;;;Total_Dia
21-11;F12;PF07;406;454;860;621.2025548531417;130.7;146.2;138.4;Operativa Espera traslado;;Equipo
21-11;F12;TOTAL_FASE;406;454;860;621.2025548531417;130.7;146.2;138.4;;;Total_Fase
21-11;F10;TOTAL_FASE;0;0;0;0;0;0;0;;;Total_Fase
21-11;F09;PF23;150;81;231;293.30997297581087;102.3;55.2;78.8;FS Fuga Agua / Operativa;;Equipo
21-11;F09;PF24;144;210;354;293.3823148899571;98.2;143.2;120.7;Operativa;;Equipo
21-11;F09;PF25;140;190;330;279.5656947495851;100.2;135.9;118;Traslado / Operativa;;Equipo
21-11;F09;PF22;102;185;287;294.79927363456966;69.2;125.5;97.4;Traslado / Operativa;;Equipo
21-11;F09;PF03;600;0;600;101.55603466353217;1181.6;0;590.8;Traslado / Operativa;;Equipo
21-11;F09;TOTAL_FASE;1136;666;1802;1262.613290913455;179.9;105.5;142.7;;;Total_Fase
21-11;F11;PFARR;0;0;0;0;0;0;0;Operativa;;Equipo
21-11;F11;PF26;16;245;261;599.7932132182467;5.3;81.7;43.5;;;Equipo
21-11;F11;TOTAL_FASE;16;245;261;599.7932132182467;5.3;81.7;43.5;;;Total_Fase
21-11;TODAS;TOTAL_DIA;1558;1365;2923;2483.6090589848436;125.5;109.9;117.7;;;Total_Dia
22-11;F12;PF07;529;325;854;434.84178839719925;243.3;149.5;196.4;Operativa Espera traslado;;Equipo
22-11;F12;TOTAL_FASE;529;325;854;434.84178839719925;243.3;149.5;196.4;;;Total_Fase
22-11;F10;TOTAL_FASE;0;0;0;0;0;0;0;;;Total_Fase
22-11;F09;PF23;150;171;321;205.31698108306762;146.1;166.6;156.3;FS Fuga Agua / Operativa;;Equipo
22-11;F09;PF24;250;70;320;205.36762042297;243.5;68.2;155.8;Operativa;;Equipo
22-11;F09;PF25;304;114;418;195.6959863247095;310.7;116.5;213.6;Traslado / Operativa;;Equipo
22-11;F09;PF22;130;160;290;206.35949154419876;126;155.1;140.5;Traslado / Operativa;;Equipo
22-11;F09;PF03;22;112;134;71.0892242644725;61.9;315.1;188.5;Traslado / Operativa;;Equipo
22-11;F09;TOTAL_FASE;856;627;1483;883.8293036394184;193.7;141.9;167.8;;;Total_Fase
22-11;F11;PFARR;0;0;0;0;0;0;0;Operativa;;Equipo
22-11;F11;PF26;315;70;385;599.7932132182467;105;23.3;64.2;;;Equipo
22-11;F11;TOTAL_FASE;315;70;385;599.7932132182467;105;23.3;64.2;;;Total_Fase
22-11;TODAS;TOTAL_DIA;1700;1022;2722;1918.4643052548645;177.2;106.5;141.9;;;Total_Dia
23-11;F12;PF07;454;333;787;621.2025548531417;146.2;107.2;126.7;Operativa Espera traslado;;Equipo
23-11;F12;TOTAL_FASE;454;333;787;621.2025548531417;146.2;107.2;126.7;;;Total_Fase
23-11;F10;TOTAL_FASE;0;0;0;0;0;0;0;;;Total_Fase
23-11;F09;PF23;55;70;125;293.30997297581087;37.5;47.7;42.6;FS Fuga Agua / Operativa;;Equipo
23-11;F09;PF24;243;200;443;293.3823148899571;165.7;136.3;151;Operativa;;Equipo
23-11;F09;PF25;267;255;522;279.5656947495851;191;182.4;186.7;Traslado / Operativa;;Equipo
23-11;F09;PF22;248;160;408;294.79927363456966;168.3;108.5;138.4;Traslado / Operativa;;Equipo
23-11;F09;PF03;100;170;270;101.55603466353217;196.9;334.8;265.9;Traslado / Operativa;;Equipo
23-11;F09;TOTAL_FASE;913;855;1768;1262.613290913455;144.6;135.4;140;;;Total_Fase
23-11;F11;PFARR;0;0;0;0;0;0;0;Operativa;;Equipo
23-11;F11;PF26;358;262;620;599.7932132182467;119.4;87.4;103.4;;;Equipo
23-11;F11;TOTAL_FASE;358;262;620;599.7932132182467;119.4;87.4;103.4;;;Total_Fase
23-11;TODAS;TOTAL_DIA;1725;1450;3175;2483.6090589848436;138.9;116.8;127.8;;;Total_Dia
24-11;F12;PF07;333;280;613;621.2025548531417;107.2;90.1;98.7;Operativa Espera traslado;;Equipo
24-11;F12;TOTAL_FASE;333;280;613;621.2025548531417;107.2;90.1;98.7;;;Total_Fase
24-11;F10;TOTAL_FASE;0;0;0;0;0;0;0;;;Total_Fase
24-11;F09;PF23;145;132;277;293.30997297581087;98.9;90;94.4;FS Fuga Agua / Operativa;;Equipo
24-11;F09;PF24;95;50;145;293.3823148899571;64.8;34.1;49.4;Operativa;;Equipo
24-11;F09;PF25;239;199;438;279.5656947495851;171;142.4;156.7;Traslado / Operativa;;Equipo
24-11;F09;PF22;268;128;396;294.79927363456966;181.8;86.8;134.3;Traslado / Operativa;;Equipo
24-11;F09;PF03;180;120;300;101.55603466353217;354.5;236.3;295.4;Traslado / Operativa;;Equipo
24-11;F09;PF21;0;35;35;291.10934200085944;0;24;12;FS Fuga aceites / Operativa;;Equipo
24-11;F09;TOTAL_FASE;927;664;1591;1553.7226329143145;119.3;85.5;102.4;;;Total_Fase
24-11;F11;PFARR;0;0;0;0;0;0;0;Operativa;;Equipo
24-11;F11;PF26;52;100;152;0;0;0;0;;;Equipo
24-11;F11;TOTAL_FASE;52;100;152;0;0;0;0;;;Total_Fase
24-11;TODAS;TOTAL_DIA;1312;1044;2356;2174.925187767456;120.6;96;108.3;;;Total_Dia
25-11;F12;PF07;0;120;120;434.84178839719925;0;55.2;27.6;Operativa Espera traslado;;Equipo
25-11;F12;TOTAL_FASE;0;120;120;434.84178839719925;0;55.2;27.6;;;Total_Fase
25-11;F10;TOTAL_FASE;0;0;0;0;0;0;0;;;Total_Fase
25-11;F09;PF23;170;80;250;123.19018864984058;276;129.9;202.9;FS Fuga Agua / Operativa;;Equipo
25-11;F09;PF24;0;0;0;123.220572253782;0;0;0;Operativa;;Equipo
25-11;F09;PF25;53;100;153;117.41759179482571;90.3;170.3;130.3;Traslado / Operativa;;Equipo
25-11;F09;PF22;220;120;340;215.73946843257144;203.9;111.2;157.6;Traslado / Operativa;;Equipo
25-11;F09;PF03;140;200;340;71.0892242644725;393.9;562.7;478.3;Traslado / Operativa;;Equipo
25-11;F09;PF21;216;130;346;291.10934200085944;148.4;89.3;118.9;FS Fuga aceites / Operativa;;Equipo
25-11;F09;TOTAL_FASE;799;630;1429;941.7663873963517;169.7;133.8;151.7;;;Total_Fase
25-11;F11;PFARR;0;0;0;589.1922168915986;0;0;0;Operativa;;Equipo
25-11;F11;PF26;0;0;0;0;0;0;0;;;Equipo
25-11;F11;TOTAL_FASE;0;0;0;589.1922168915986;0;0;0;;;Total_Fase
25-11;TODAS;TOTAL_DIA;799;750;1549;1965.8003926851495;81.3;76.3;78.8;;;Total_Dia
26-11;F12;PF07;275;262;537;621.2025548531417;88.5;84.4;86.4;Operativa Espera traslado;;Equipo
26-11;F12;TOTAL_FASE;275;262;537;621.2025548531417;88.5;84.4;86.4;;;Total_Fase
26-11;F10;TOTAL_FASE;0;0;0;0;0;0;0;;;Total_Fase
26-11;F09;PF23;106;100;206;246.89048160050862;85.9;81;83.4;FS Fuga Agua / Operativa;;Equipo
26-11;F09;PF24;34;203;237;258.1764371031623;26.3;157.3;91.8;Operativa;;Equipo
26-11;F09;PF25;100;211;311;246.0178113796348;81.3;171.5;126.4;Traslado / Operativa;;Equipo
26-11;F09;PF22;78;0;78;308.19924061795916;50.6;0;25.3;Traslado / Operativa;;Equipo
26-11;F09;PF03;48;8;56;101.55603466353217;94.5;15.8;55.1;Traslado / Operativa;;Equipo
26-11;F09;PF21;155;161;316;291.10934200085944;106.5;110.6;108.6;FS Fuga aceites / Operativa;;Equipo
26-11;F09;TOTAL_FASE;521;683;1204;1451.9493473656566;71.8;94.1;82.9;;;Total_Fase
26-11;F11;PFARR;0;0;0;589.1922168915986;0;0;0;Operativa;;Equipo
26-11;F11;PF26;0;0;0;0;0;0;0;;;Equipo
26-11;F11;TOTAL_FASE;0;0;0;589.1922168915986;0;0;0;;;Total_Fase
26-11;TODAS;TOTAL_DIA;796;945;1741;2662.3441191103966;59.8;71;65.4;;;Total_Dia
27-11;F12;PF07;350;474;824;621.2025548531417;112.7;152.6;132.6;Operativa Espera traslado;;Equipo
27-11;F12;TOTAL_FASE;350;474;824;621.2025548531417;112.7;152.6;132.6;;;Total_Fase
27-11;F10;TOTAL_FASE;0;0;0;0;0;0;0;;;Total_Fase
27-11;F09;PF23;42;86;128;117.83409349115183;71.3;146;108.6;FS Fuga Agua / Operativa;;Equipo
27-11;F09;PF24;169;140;309;123.220572253782;274.3;227.2;250.8;Operativa;;Equipo
27-11;F09;PF25;205;14;219;117.41759179482571;349.2;23.8;186.5;Traslado / Operativa;;Equipo
27-11;F09;PF22;189;25;214;206.35949154419876;183.2;24.2;103.7;Traslado / Operativa;;Equipo
27-11;F09;PF03;125;45;170;71.0892242644725;351.7;126.6;239.1;Traslado / Operativa;;Equipo
27-11;F09;PF21;171;18;189;278.45241408777855;122.8;12.9;67.9;FS Fuga aceites / Operativa;;Equipo
27-11;F09;TOTAL_FASE;901;328;1229;914.3733874362094;197.1;71.7;134.4;;;Total_Fase
27-11;F11;PFARR;0;0;0;412.434551824119;0;0;0;Operativa;;Equipo
27-11;F11;PF26;0;0;0;209.92762462638632;0;0;0;;;Equipo
27-11;F11;TOTAL_FASE;0;0;0;622.3621764505053;0;0;0;;;Total_Fase
27-11;TODAS;TOTAL_DIA;1251;802;2053;2157.9381187398567;115.9;74.3;95.1;;;Total_Dia
28-11;F12;PF07;0;159;159;621;0;51.2;25.6;FS  Aceros;FS aceros /cambio barra;Equipo
28-11;F12;TOTAL_FASE;0;159;159;621;0;51.2;25.6;;;Total_Fase
28-11;F10;TOTAL_FASE;0;0;0;0;0;0;0;;;Total_Fase
28-11;F09;PF23;226;61;287;281;160.9;43.4;102.1;FS Fuga Agua / Operativa;;Equipo
28-11;F09;PF24;171;92;263;293;116.7;62.8;89.8;Operativa;;Equipo
28-11;F09;PF25;130;180;310;280;92.9;128.6;110.7;Traslado / Operativa;;Equipo
28-11;F09;PF22;155;204;359;308;100.6;132.5;116.6;Traslado / Operativa;;Equipo
28-11;F09;PF03;157;120;277;186;168.8;129;148.9;Traslado / Operativa;;Equipo
28-11;F09;PF21;153;154;307;291;105.2;105.8;105.5;FS Fuga aceites / Operativa;;Equipo
28-11;F09;TOTAL_FASE;992;811;1803;1639;121;99;110;;;Total_Fase
28-11;F11;PFARR;0;51;51;589;0;17.3;8.7;Operativa;;Equipo
28-11;F11;PF26;0;0;0;0;0;0;0;;;Equipo
28-11;F11;TOTAL_FASE;0;51;51;589;0;17.3;8.7;;;Total_Fase
28-11;TODAS;TOTAL_DIA;992;1021;2013;2849;69.6;71.7;70.7;;;Total_Dia
29-11;F12;PF07;507;580;1087;621;163.3;186.8;175;FS  Aceros;FS aceros /cambio barra;Equipo
29-11;F12;TOTAL_FASE;507;580;1087;621;163.3;186.8;175;;;Total_Fase
29-11;F10;TOTAL_FASE;0;0;0;0;0;0;0;;;Total_Fase
29-11;F09;PF23;202;67;269;196;206.1;68.4;137.2;FS Fuga Agua / Operativa;;Equipo
29-11;F09;PF24;200;180;380;205;195.1;175.6;185.4;Operativa;;Equipo
29-11;F09;PF25;179;158;337;196;182.7;161.2;171.9;Traslado / Operativa;;Equipo
29-11;F09;PF22;149;60;209;216;138;55.6;96.8;Traslado / Operativa;;Equipo
29-11;F09;PF03;59;64;123;130;90.8;98.5;94.6;Traslado / Operativa;;Equipo
29-11;F09;PF21;221;51;272;195;226.7;52.3;139.5;FS Fuga aceites / Operativa;;Equipo
29-11;F09;TOTAL_FASE;1010;580;1590;1138;177.5;101.9;139.7;;;Total_Fase
29-11;F11;PFARR;157;51;208;589;53.3;17.3;35.3;Operativa;;Equipo
29-11;F11;PF26;0;0;0;0;0;0;0;;;Equipo
29-11;F11;TOTAL_FASE;157;51;208;589;53.3;17.3;35.3;;;Total_Fase
29-11;TODAS;TOTAL_DIA;1674;1211;2885;2348;142.6;103.2;122.9;;;Total_Dia
30-11;F12;PF07;577;456;1033;621;185.8;146.9;166.3;FS  Aceros;FS aceros /cambio barra;Equipo
30-11;F12;TOTAL_FASE;577;456;1033;621;185.8;146.9;166.3;;;Total_Fase
30-11;F10;PF26;0;0;0;269;0;0;0;;;Equipo
30-11;F10;TOTAL_FASE;0;0;0;269;0;0;0;;;Total_Fase
30-11;F09;PF23;70;165;235;281;49.8;117.4;83.6;FS Fuga Agua / Operativa;;Equipo
30-11;F09;PF24;218;195;413;293;148.8;133.1;141;Operativa;;Equipo
30-11;F09;PF25;205;84;289;280;146.4;60;103.2;Traslado / Operativa;;Equipo
30-11;F09;PF22;96;173;269;295;65.1;117.3;91.2;Traslado / Operativa;;Equipo
30-11;F09;PF03;140;56;196;178;157.3;62.9;110.1;Traslado / Operativa;;Equipo
30-11;F09;TOTAL_FASE;729;673;1402;1327;109.9;101.4;105.7;;;Total_Fase
30-11;F11;PFARR;0;0;0;589;0;0;0;Operativa;;Equipo
30-11;F11;PF21;241;383;624;278;173.4;275.5;224.5;;;Equipo
30-11;F11;TOTAL_FASE;241;383;624;867;55.6;88.4;72;;;Total_Fase
30-11;TODAS;TOTAL_DIA;1547;1512;3059;3084;100.3;98.1;99.2;;;Total_Dia
01-12;F12;PF07;396;510;906;621;127.5;164.3;145.9;FS  Aceros;FS aceros /cambio barra;Equipo
01-12;F12;TOTAL_FASE;396;510;906;621;127.5;164.3;145.9;;;Total_Fase
01-12;F10;PF26;0;0;0;269;0;0;0;;;Equipo
01-12;F10;TOTAL_FASE;0;0;0;269;0;0;0;;;Total_Fase
01-12;F09;PF23;213;214;427;281;151.6;152.3;152;FS Fuga Agua / Operativa;;Equipo
01-12;F09;PF24;140;76;216;293;95.6;51.9;73.7;Operativa;;Equipo
01-12;F09;PF25;164;5;169;280;117.1;3.6;60.4;Traslado / Operativa;;Equipo
01-12;F09;PF22;191;180;371;0;0;0;0;Traslado / Operativa;;Equipo
01-12;F09;PF03;139;82;221;198;140.4;82.8;111.6;Traslado / Operativa;;Equipo
01-12;F09;TOTAL_FASE;847;557;1404;1052;161;105.9;133.5;;;Total_Fase
01-12;F11;PFARR;335;231;566;589;113.8;78.4;96.1;Operativa;;Equipo
01-12;F11;PF21;450;436;886;278;323.7;313.7;318.7;;;Equipo
01-12;F11;TOTAL_FASE;785;667;1452;867;181.1;153.9;167.5;;;Total_Fase
01-12;TODAS;TOTAL_DIA;2028;1734;3762;2809;144.4;123.5;133.9;;;Total_Dia
02-12;F12;PF07;640;357;997;435;294.3;164.1;229.2;FS  Aceros;FS aceros /cambio barra;Equipo
02-12;F12;TOTAL_FASE;640;357;997;435;294.3;164.1;229.2;;;Total_Fase
02-12;F10;PF26;0;0;0;269;0;0;0;;;Equipo
02-12;F10;TOTAL_FASE;0;0;0;269;0;0;0;;;Total_Fase
02-12;F09;PF23;205;0;205;281;145.9;0;73;FS Fuga Agua / Operativa;;Equipo
02-12;F09;PF24;153;0;153;293;104.4;0;52.2;Operativa;;Equipo
02-12;F09;PF25;0;0;0;280;0;0;0;Traslado / Operativa;;Equipo
02-12;F09;PF22;214;205;419;0;0;0;0;Traslado / Operativa;;Equipo
02-12;F09;PF03;100;108;208;277;72.2;78;75.1;Traslado / Operativa;;Equipo
02-12;F09;TOTAL_FASE;672;313;985;1131;118.8;55.3;87.1;;;Total_Fase
02-12;F11;PFARR;18;88;106;412;8.7;42.7;25.7;Operativa;;Equipo
02-12;F11;PF21;196;319;515;278;141;229.5;185.3;;;Equipo
02-12;F11;TOTAL_FASE;214;407;621;690;62;118;90;;;Total_Fase
02-12;TODAS;TOTAL_DIA;1526;1077;2603;2525;120.9;85.3;103.1;;;Total_Dia
03-12;F12;PF07;333;0;333;621;107.2;0;53.6;FS  Aceros;FS aceros /cambio barra;Equipo
03-12;F12;TOTAL_FASE;333;0;333;621;107.2;0;53.6;;;Total_Fase
03-12;F10;TOTAL_FASE;0;0;0;0;0;0;0;;;Total_Fase
03-12;F09;PF03;150;132;282;348;86.2;75.9;81;FS Fuga Agua / Operativa;;Equipo
03-12;F09;PF22;68;190;258;0;0;0;0;Operativa;;Equipo
03-12;F09;PF23;0;57;57;281;0;40.6;20.3;Traslado / Operativa;;Equipo
03-12;F09;PF24;0;102;102;293;0;69.6;34.8;Traslado / Operativa;;Equipo
03-12;F09;PF25;17;102;119;280;12.1;72.9;42.5;Traslado / Operativa;;Equipo
03-12;F09;PF26;0;30;30;269;0;22.3;11.2;FS Fuga aceites / Operativa;;Equipo
03-12;F09;ROC;0;12;12;0;0;0;0;Resrva;;Equipo
03-12;F09;TOTAL_FASE;235;625;860;1471;32;85;58.5;;;Total_Fase
03-12;F11;PFARR;373.4;48;421.4;589;126.8;16.3;71.5;Operativa;;Equipo
03-12;F11;PF21;300;280;580;278;215.8;201.4;208.6;;;Equipo
03-12;F11;ROC;124;156.4;280.4;0;0;0;0;;;Equipo
03-12;F11;TOTAL_FASE;797.4;484.4;1281.8;867;183.9;111.7;147.8;;;Total_Fase
03-12;TODAS;TOTAL_DIA;1365.4;1109.4;2474.8;2959;92.3;75;83.6;;;Total_Dia
04-12;F12;TOTAL_FASE;0;0;0;0;0;0;0;;;Total_Fase
04-12;F10;TOTAL_FASE;0;0;0;0;0;0;0;;;Total_Fase
04-12;F09;PF03;145;145;290;395;73.4;73.4;73.4;FS Fuga Agua / Operativa;;Equipo
04-12;F09;PF07;0;50;50;621;0;16.1;8.1;Operativa;;Equipo
04-12;F09;PF22;215;17;232;0;0;0;0;Traslado / Operativa;;Equipo
04-12;F09;PF23;162;16;178;118;274.6;27.1;150.8;Traslado / Operativa;;Equipo
04-12;F09;PF24;200;27;227;123;325.2;43.9;184.6;Traslado / Operativa;;Equipo
04-12;F09;PF25;177;17;194;117;302.6;29.1;165.8;FS Fuga aceites / Operativa;;Equipo
04-12;F09;PF26;200;190;390;269;148.7;141.3;145;Resrva;;Equipo
04-12;F09;ROC;149;66;215;0;0;0;0;Resrva;;Equipo
04-12;F09;TOTAL_FASE;1099;528;1776;1643;133.8;64.3;108.1;;;Total_Fase
04-12;F11;PFARR;285.5;252;537.5;412;138.6;122.3;130.5;Operativa;;Equipo
04-12;F11;PF21;220;313;533;195;225.6;321;273.3;;;Equipo
04-12;F11;TOTAL_FASE;505.5;565;1070.5;607;166.6;186.2;176.4;;;Total_Fase
04-12;TODAS;TOTAL_DIA;1604.5;1093;2846.5;2250;142.6;97.2;126.5;;;Total_Dia
05-12;F12;TOTAL_FASE;0;0;0;0;0;0;0;;;Total_Fase
05-12;F10;TOTAL_FASE;0;0;0;0;0;0;0;;;Total_Fase
05-12;F09;PF03;0;149;149;0;0;0;0;FS Fuga Agua / Operativa;;Equipo
05-12;F09;PF07;192;91;283;272.3694193052692;141;66.8;103.9;Operativa;;Equipo
05-12;F09;PF22;220;36;256;0;0;0;0;Traslado / Operativa;;Equipo
05-12;F09;PF23;83;160;243;205.2085453579224;80.9;155.9;118.4;Traslado / Operativa;;Equipo
05-12;F09;PF24;66;128;194;236.85332944325452;55.7;108.1;81.9;Traslado / Operativa;;Equipo
05-12;F09;PF25;0;153;153;216.5526268866157;0;141.3;70.7;FS Fuga aceites / Operativa;;Equipo
05-12;F09;PF26;0;0;0;226.73569610323347;0;0;0;Resrva;;Equipo
05-12;F09;ROC;34;0;34;0;0;0;0;Resrva;;Equipo
05-12;F09;TOTAL_FASE;595;717;1312;1157.7196170962952;102.8;123.9;113.3;;;Total_Fase
05-12;F11;PFARR;334;133;467;347.2536279668499;192.4;76.6;134.5;Operativa;;Equipo
05-12;F11;PF21;400;210;610;431.2367108113415;185.5;97.4;141.5;;;Equipo
05-12;F11;TOTAL_FASE;734;343;1077;778.4903387781914;188.6;88.1;138.3;;;Total_Fase
05-12;TODAS;TOTAL_DIA;1329;1060;2389;1936.2099558744867;137.3;109.5;123.4;;;Total_Dia
06-12;F12;TOTAL_FASE;0;0;0;0;0;0;0;;;Total_Fase
06-12;F10;TOTAL_FASE;0;0;0;0;0;0;0;;;Total_Fase
06-12;F09;PF03;83;100;183;160.99242618629611;103.1;124.2;113.7;FS Fuga Agua / Operativa;;Equipo
06-12;F09;PF07;169;166;335;217.89553544421537;155.1;152.4;153.7;Operativa;;Equipo
06-12;F09;PF22;0;0;0;0;0;0;0;Traslado / Operativa;;Equipo
06-12;F09;PF23;126;150;276;186.55322305265673;135.1;160.8;147.9;Traslado / Operativa;;Equipo
06-12;F09;PF24;173;165;338;215.32120858477685;160.7;153.3;157;Traslado / Operativa;;Equipo
06-12;F09;PF25;180;168;348;196.8660244423779;182.9;170.7;176.8;FS Fuga aceites / Operativa;;Equipo
06-12;F09;PF26;170;40;210;181.38855688258678;187.4;44.1;115.8;Resrva;;Equipo
06-12;F09;TOTAL_FASE;901;789;1690;1159.0169745929097;155.5;136.1;145.8;;;Total_Fase
06-12;F11;PFARR;363;310;673;396.8612891049713;182.9;156.2;169.6;Operativa;;Equipo
06-12;F11;PF21;450;81;531;431.2367108113415;208.7;37.6;123.1;;;Equipo
06-12;F11;TOTAL_FASE;813;391;1204;828.0979999163128;196.4;94.4;145.4;;;Total_Fase
06-12;TODAS;TOTAL_DIA;1714;1180;2894;1987.1149745092225;172.5;118.8;145.6;;;Total_Dia
07-12;F12;TOTAL_FASE;0;0;0;0;0;0;0;;;Total_Fase
07-12;F10;TOTAL_FASE;0;0;0;0;0;0;0;;;Total_Fase
07-12;F09;PF03;69;91;160;182.9459388480638;75.4;99.5;87.5;FS Fuga Agua / Operativa;;Equipo
07-12;F09;PF07;105;83;188;272.3694193052692;77.1;60.9;69;Operativa;;Equipo
07-12;F09;PF22;0;0;0;0;0;0;0;Traslado / Operativa;;Equipo
07-12;F09;PF23;182;100;282;233.1915288158209;156.1;85.8;120.9;Traslado / Operativa;;Equipo
07-12;F09;PF24;140;90;230;269.15151073097104;104;66.9;85.5;Traslado / Operativa;;Equipo
07-12;F09;PF25;188;48;236;246.0825305529724;152.8;39;95.9;FS Fuga aceites / Operativa;;Equipo
07-12;F09;PF26;103;40;143;226.73569610323347;90.9;35.3;63.1;Resrva;;Equipo
07-12;F09;TOTAL_FASE;787;452;1239;1430.4766243563308;110;63.2;86.6;;;Total_Fase
07-12;F11;PFARR;166;80;246;496.0766113812141;66.9;32.3;49.6;Operativa;;Equipo
07-12;F11;PF21;305;138;443;616.0524440162022;99;44.8;71.9;;;Equipo
07-12;F11;TOTAL_FASE;471;218;689;1112.1290553974163;84.7;39.2;62;;;Total_Fase
07-12;TODAS;TOTAL_DIA;1258;670;1928;2542.605679753747;99;52.7;75.8;;;Total_Dia
08-12;F12;TOTAL_FASE;0;0;0;0;0;0;0;;;Total_Fase
08-12;F10;ROC;32;276;308;0;0;0;0;;;Equipo
08-12;F10;TOTAL_FASE;32;276;308;0;0;0;0;;;Total_Fase
08-12;F09;PF03;113;180;293;160.99242618629611;140.4;223.6;182;FS Fuga Agua / Operativa;;Equipo
08-12;F09;PF07;160;135;295;284.74984745550876;112.4;94.8;103.6;Operativa;;Equipo
08-12;F09;PF22;0;0;0;0;0;0;0;Traslado / Operativa;;Equipo
08-12;F09;PF23;180;144;324;97.94044210264477;367.6;294.1;330.8;Traslado / Operativa;;Equipo
08-12;F09;PF24;119;198;317;113.04363450700785;210.5;350.3;280.4;Traslado / Operativa;;Equipo
08-12;F09;PF25;234;19;253;103.35466283224841;452.8;36.8;244.8;FS Fuga aceites / Operativa;;Equipo
08-12;F09;PF26;125;150;275;158.71498727226341;157.5;189;173.3;Resrva;;Equipo
08-12;F09;TOTAL_FASE;931;826;1757;918.7960003559693;202.7;179.8;191.2;;;Total_Fase
08-12;F11;PFARR;307;20;327;347.2536279668499;176.8;11.5;94.2;Operativa;;Equipo
08-12;F11;PF21;400;207;607;431.2367108113415;185.5;96;140.8;;;Equipo
08-12;F11;TOTAL_FASE;707;227;934;778.4903387781914;181.6;58.3;120;;;Total_Fase
08-12;TODAS;TOTAL_DIA;1670;1329;2999;1697.2863391341607;196.8;156.6;176.7;;;Total_Dia
09-12;F12;TOTAL_FASE;0;0;0;0;0;0;0;;;Total_Fase
09-12;F10;ROC;262;221;483;0;0;0;0;;;Equipo
09-12;F10;TOTAL_FASE;262;221;483;0;0;0;0;;;Total_Fase
09-12;F09;PF03;160;83;243;160.99242618629611;198.8;103.1;150.9;FS Fuga Agua / Operativa;;Equipo
09-12;F09;PF07;160;141;301;284.74984745550876;112.4;99;105.7;Operativa;;Equipo
09-12;F09;PF22;0;0;0;294.53903705358863;0;0;0;Traslado / Operativa;;Equipo
09-12;F09;PF23;170;40;210;233.1915288158209;145.8;34.3;90.1;Traslado / Operativa;;Equipo
09-12;F09;PF24;17;50;67;269.15151073097104;12.6;37.2;24.9;Traslado / Operativa;;Equipo
09-12;F09;PF25;0;0;0;246.0825305529724;0;0;0;FS Fuga aceites / Operativa;;Equipo
09-12;F09;PF26;145;106;251;226.73569610323347;127.9;93.5;110.7;Resrva;;Equipo
09-12;F09;TOTAL_FASE;652;420;1072;1715.4425768983915;76;49;62.5;;;Total_Fase
09-12;F11;PFARR;305;394;699;496.0766113812141;123;158.8;140.9;Operativa;;Equipo
09-12;F11;PF21;430;230;660;616.0524440162022;139.6;74.7;107.1;;;Equipo
09-12;F11;ROC;85;147;232;0;0;0;0;;;Equipo
09-12;F11;TOTAL_FASE;820;771;1591;1112.1290553974163;147.5;138.7;143.1;;;Total_Fase
09-12;TODAS;TOTAL_DIA;1734;1412;3146;2827.571632295808;122.6;99.9;111.3;;;Total_Dia
10-12;F12;TOTAL_FASE;0;0;0;0;0;0;0;;;Total_Fase
10-12;F10;PF03;112;83;195;0;0;0;0;;;Equipo
10-12;F10;ROC;154;204;358;0;0;0;0;;;Equipo
10-12;F10;TOTAL_FASE;266;287;553;0;0;0;0;;;Total_Fase
10-12;F09;PF07;170;100;270;272.3694193052692;124.8;73.4;99.1;FS Fuga Agua / Operativa;;Equipo
10-12;F09;PF22;0;0;0;294.53903705358863;0;0;0;Operativa;;Equipo
10-12;F09;PF23;129;175;304;233.1915288158209;110.6;150.1;130.4;Traslado / Operativa;;Equipo
10-12;F09;PF24;208;165;373;269.15151073097104;154.6;122.6;138.6;Traslado / Operativa;;Equipo
10-12;F09;PF25;18;235;253;246.0825305529724;14.6;191;102.8;Traslado / Operativa;;Equipo
10-12;F09;PF26;128;0;128;226.73569610323347;112.9;0;56.5;FS Fuga aceites / Operativa;;Equipo
10-12;F09;TOTAL_FASE;653;675;1328;1542.0697225618558;84.7;87.5;86.1;;;Total_Fase
10-12;F11;PFARR;255;0;255;496.0766113812141;102.8;0;51.4;Operativa;;Equipo
10-12;F11;PF21;366;74;440;616.0524440162022;118.8;24;71.4;;;Equipo
10-12;F11;ROC;119.5;0;119.5;0;0;0;0;;;Equipo
10-12;F11;TOTAL_FASE;740.5;74;814.5;1112.1290553974163;133.2;13.3;73.2;;;Total_Fase
10-12;TODAS;TOTAL_DIA;1659.5;1036;2695.5;2654.198777959272;125;78.1;101.6;;;Total_Dia
11-12;F12;TOTAL_FASE;0;0;0;0;0;0;0;;;Total_Fase
11-12;F10;ROC;203;200;403;0;0;0;0;;;Equipo
11-12;F10;PF03;108;134;242;160.99242618629611;134.2;166.5;150.3;;;Equipo
11-12;F10;TOTAL_FASE;311;334;645;160.99242618629611;386.4;414.9;400.6;;;Total_Fase
11-12;F09;PF03;0;0;0;0;0;0;0;FS Fuga Agua / Operativa;;Equipo
11-12;F09;PF07;170;85;255;190.65859351368846;178.3;89.2;133.7;Operativa;;Equipo
11-12;F09;PF22;52;70;122;123.70639556250724;84.1;113.2;98.6;Traslado / Operativa;;Equipo
11-12;F09;PF23;190;140;330;97.94044210264477;388;285.9;336.9;Traslado / Operativa;;Equipo
11-12;F09;PF24;189;128;317;108.12869387626839;349.6;236.8;293.2;Traslado / Operativa;;Equipo
11-12;F09;PF25;101;172;273;0;0;0;0;FS Fuga aceites / Operativa;;Equipo
11-12;F09;PF26;98;145;243;158.71498727226341;123.5;182.7;153.1;Resrva;;Equipo
11-12;F09;TOTAL_FASE;800;740;1540;679.1491123273722;235.6;217.9;226.8;;;Total_Fase
11-12;F11;PFARR;272;93;365;496.0766113812141;109.7;37.5;73.6;Operativa;;Equipo
11-12;F11;PF21;461;193;654;431.2367108113415;213.8;89.5;151.7;;;Equipo
11-12;F11;TOTAL_FASE;733;286;1019;927.3133221925556;158.1;61.7;109.9;;;Total_Fase
11-12;TODAS;TOTAL_DIA;1844;1360;3204;1767.4548607062238;208.7;153.9;181.3;;;Total_Dia
12-12;F12;TOTAL_FASE;0;0;0;0;0;0;0;;;Total_Fase
12-12;F10;ROC;288;79;367;0;0;0;0;;;Equipo
12-12;F10;PF03;120;52;172;157;152.9;66.2;109.6;;;Equipo
12-12;F10;TOTAL_FASE;408;131;539;157;519.7;166.9;343.3;;;Total_Fase
12-12;F09;PF03;0;0;0;0;0;0;0;FS Fuga Agua / Operativa;;Equipo
12-12;F09;PF07;205;148;353;0;0;0;0;Operativa;;Equipo
12-12;F09;PF22;242;149;391;252;192.1;118.3;155.2;Traslado / Operativa;;Equipo
12-12;F09;PF23;166;171;337;222;149.5;154.1;151.8;Traslado / Operativa;;Equipo
12-12;F09;PF24;207;36;243;249;166.3;28.9;97.6;Traslado / Operativa;;Equipo
12-12;F09;PF25;10;56;66;253;7.9;44.3;26.1;FS Fuga aceites / Operativa;;Equipo
12-12;F09;PF26;76;0;76;233;65.2;0;32.6;Resrva;;Equipo
12-12;F09;TOTAL_FASE;906;560;1466;1209;149.9;92.6;121.3;;;Total_Fase
12-12;F11;PFARR;172;107;279;509;67.6;42;54.8;Operativa;;Equipo
12-12;F11;PF21;366;289;655;548;133.6;105.5;119.5;;;Equipo
12-12;F11;TOTAL_FASE;538;396;934;1057;101.8;74.9;88.4;;;Total_Fase
12-12;TODAS;TOTAL_DIA;1852;1087;2939;2423;152.9;89.7;121.3;;;Total_Dia
13-12;F12;TOTAL_FASE;0;0;0;0;0;0;0;;;Total_Fase
13-12;F10;ROC;191;161;352;0;0;0;0;;;Equipo
13-12;F10;PF03;120;135;255;138;173.9;195.7;184.8;;;Equipo
13-12;F10;TOTAL_FASE;311;296;607;138;450.7;429;439.9;;;Total_Fase
13-12;F09;PF03;0;0;0;0;0;0;0;FS Fuga Agua / Operativa;;Equipo
13-12;F09;PF07;187;10;197;196;190.8;10.2;100.5;Operativa;;Equipo
13-12;F09;PF22;156;34;190;177;176.3;38.4;107.3;Traslado / Operativa;;Equipo
13-12;F09;PF23;171;125;296;78;438.5;320.5;379.5;Traslado / Operativa;;Equipo
13-12;F09;PF24;140;0;140;175;160;0;80;Traslado / Operativa;;Equipo
13-12;F09;PF25;220;87;307;177;248.6;98.3;173.4;FS Fuga aceites / Operativa;;Equipo
13-12;F09;PF26;94;44;138;163;115.3;54;84.7;Resrva;;Equipo
13-12;F09;TOTAL_FASE;968;300;1268;966;200.4;62.1;131.3;;;Total_Fase
13-12;F11;PFARR;243;229;472;357;136.1;128.3;132.2;Operativa;;Equipo
13-12;F11;PF21;552;319;871;384;287.5;166.1;226.8;;;Equipo
13-12;F11;TOTAL_FASE;795;548;1343;741;214.6;147.9;181.2;;;Total_Fase
13-12;TODAS;TOTAL_DIA;2074;1144;3218;1845;224.8;124;174.4;;;Total_Dia
14-12;F12;TOTAL_FASE;0;0;0;0;0;0;0;;;Total_Fase
14-12;F10;ROC;132;0;132;0;0;0;0;;;Equipo
14-12;F10;PF03;0;0;0;0;0;0;0;;;Equipo
14-12;F10;TOTAL_FASE;132;0;132;0;0;0;0;;;Total_Fase
14-12;F09;PF03;62;52;114;79;157;131.6;144.3;FS Fuga Agua / Operativa;;Equipo
14-12;F09;PF07;138;16.5;154.5;245;112.7;13.5;63.1;Operativa;;Equipo
14-12;F09;PF22;63;0;63;126;100;0;50;Traslado / Operativa;;Equipo
14-12;F09;PF23;150;0;150;111;270.3;0;135.1;Traslado / Operativa;;Equipo
14-12;F09;PF24;0;0;0;125;0;0;0;Traslado / Operativa;;Equipo
14-12;F09;PF25;125;53;178;126;198.4;84.1;141.3;FS Fuga aceites / Operativa;;Equipo
14-12;F09;PF26;185;26;211;116;319;44.8;181.9;Resrva;;Equipo
14-12;F09;TOTAL_FASE;723;147.5;870.5;928;155.8;31.8;93.8;;;Total_Fase
14-12;F11;PFARR;244;0;244;255;191.4;0;95.7;Operativa;;Equipo
14-12;F11;PF21;441;0;441;274;321.9;0;160.9;;;Equipo
14-12;F11;TOTAL_FASE;685;0;685;529;259;0;129.5;;;Total_Fase
14-12;TODAS;TOTAL_DIA;1540;147.5;1687.5;1457;211.4;20.2;115.8;;;Total_Dia
15-12;F12;TOTAL_FASE;0;0;0;0;0;0;0;;;Total_Fase
15-12;F10;ROC;0;0;0;0;0;0;0;;;Equipo
15-12;F10;PF03;0;0;0;0;0;0;0;;;Equipo
15-12;F10;TOTAL_FASE;0;0;0;0;0;0;0;;;Total_Fase
15-12;F09;PF03;70;17.5;87.5;97;144.3;36.1;90.2;FS Fuga Agua / Operativa;;Equipo
15-12;F09;PF07;108;82;190;245;88.2;66.9;77.6;Operativa;;Equipo
15-12;F09;PF22;108;71;179;129;167.4;110.1;138.8;Traslado / Operativa;;Equipo
15-12;F09;PF23;110;92;202;93;236.6;197.8;217.2;Traslado / Operativa;;Equipo
15-12;F09;PF24;0;0;0;105;0;0;0;Traslado / Operativa;;Equipo
15-12;F09;PF25;137;88;225;106;258.5;166;212.3;FS Fuga aceites / Operativa;;Equipo
15-12;F09;PF26;17;60;77;163;20.9;73.6;47.2;Resrva;;Equipo
15-12;F09;TOTAL_FASE;550;410.5;960.5;938;117.3;87.5;102.4;;;Total_Fase
15-12;F11;PFARR;0;118;118;357;0;66.1;33.1;Operativa;;Equipo
15-12;F11;PF21;0;126;126;384;0;65.6;32.8;;;Equipo
15-12;F11;TOTAL_FASE;0;244;244;741;0;65.9;32.9;;;Total_Fase
15-12;TODAS;TOTAL_DIA;550;654.5;1204.5;1679;65.5;78;71.7;;;Total_Dia
16-12;F12;TOTAL_FASE;0;0;0;0;0;0;0;;;Total_Fase
16-12;F10;ROC;0;0;0;0;0;0;0;;;Equipo
16-12;F10;PF03;0;0;0;0;0;0;0;;;Equipo
16-12;F10;TOTAL_FASE;0;0;0;0;0;0;0;;;Total_Fase
16-12;F09;PF03;90;0;90;97;185.6;0;92.8;FS Fuga Agua / Operativa;;Equipo
16-12;F09;PF07;167;147;314;245;136.3;120;128.2;Operativa;;Equipo
16-12;F09;PF22;213;69;282;264;161.4;52.3;106.8;Traslado / Operativa;;Equipo
16-12;F09;PF23;168;98;266;222;151.4;88.3;119.8;Traslado / Operativa;;Equipo
16-12;F09;PF24;0;0;0;249;0;0;0;Traslado / Operativa;;Equipo
16-12;F09;PF25;0;0;0;0;0;0;0;FS Fuga aceites / Operativa;;Equipo
16-12;F09;PF26;163;90;253;233;139.9;77.3;108.6;Resrva;;Equipo
16-12;F09;TOTAL_FASE;801;404;1205;1310;122.3;61.7;92;;;Total_Fase
16-12;F11;PFARR;321;0;321;357;179.8;0;89.9;Operativa;;Equipo
16-12;F11;PF21;334;0;334;384;174;0;87;;;Equipo
16-12;F11;TOTAL_FASE;655;0;655;741;176.8;0;88.4;;;Total_Fase
16-12;TODAS;TOTAL_DIA;1456;404;1860;2051;142;39.4;90.7;;;Total_Dia
17-12;F12;TOTAL_FASE;0;0;0;0;0;0;0;;;Total_Fase
17-12;F10;ROC;0;0;0;0;0;0;0;;;Equipo
17-12;F10;PF03;0;0;0;0;0;0;0;;;Equipo
17-12;F10;TOTAL_FASE;0;0;0;0;0;0;0;;;Total_Fase
17-12;F09;PF03;349;0;349;138;505.8;0;252.9;FS Fuga Agua / Operativa;;Equipo
17-12;F09;PF07;178;20;198;245;145.3;16.3;80.8;Operativa;;Equipo
17-12;F09;PF22;215;106;321;264;162.9;80.3;121.6;Traslado / Operativa;;Equipo
17-12;F09;PF23;170;67;237;222;153.2;60.4;106.8;Traslado / Operativa;;Equipo
17-12;F09;PF24;10;0;10;249;8;0;4;Traslado / Operativa;;Equipo
17-12;F09;PF25;102;54;156;0;0;0;0;FS Fuga aceites / Operativa;;Equipo
17-12;F09;PF26;180;68;248;233;154.5;58.4;106.4;Resrva;;Equipo
17-12;F09;TOTAL_FASE;1204;315;1519;1351;178.2;46.6;112.4;;;Total_Fase
17-12;F11;PFARR;275;221;496;509;108.1;86.8;97.4;Operativa;;Equipo
17-12;F11;PF21;0;30;30;548;0;10.9;5.5;;;Equipo
17-12;F11;TOTAL_FASE;275;251;526;1057;52;47.5;49.8;;;Total_Fase
17-12;TODAS;TOTAL_DIA;1479;566;2045;2408;122.8;47;84.9;;;Total_Dia
18-12;F12;TOTAL_FASE;0;0;0;0;0;0;0;;;Total_Fase
18-12;F10;ROC;99;78;177;0;0;0;0;;;Equipo
18-12;F10;PF03;0;0;0;0;0;0;0;;;Equipo
18-12;F10;TOTAL_FASE;99;78;177;0;0;0;0;;;Total_Fase
18-12;F09;PF03;0;79;79;138;0;114.5;57.2;FS Fuga Agua / Operativa;;Equipo
18-12;F09;PF07;25;87;112;171;29.2;101.8;65.5;Operativa;;Equipo
18-12;F09;PF22;155;165;320;111;279.3;297.3;288.3;Traslado / Operativa;;Equipo
18-12;F09;PF23;120;160;280;93;258.1;344.1;301.1;Traslado / Operativa;;Equipo
18-12;F09;PF24;90;96;186;105;171.4;182.9;177.1;Traslado / Operativa;;Equipo
18-12;F09;PF25;0;73;73;0;0;0;0;FS Fuga aceites / Operativa;;Equipo
18-12;F09;PF26;75;93;168;163;92;114.1;103.1;Resrva;;Equipo
18-12;F09;TOTAL_FASE;465;753;1218;781;119.1;192.8;156;;;Total_Fase
18-12;F11;PFARR;272;272;544;509;106.9;106.9;106.9;Operativa;;Equipo
18-12;F11;PF21;265;142;407;384;138;74;106;;;Equipo
18-12;F11;TOTAL_FASE;537;414;951;893;120.3;92.7;106.5;;;Total_Fase
18-12;TODAS;TOTAL_DIA;1101;1245;2346;1674;131.5;148.7;140.1;;;Total_Dia
19-12;F12;TOTAL_FASE;0;0;0;0;0;0;0;;;Total_Fase
19-12;F10;ROC;263;160;423;0;0;0;0;;;Equipo
19-12;F10;PF03;0;0;0;0;0;0;0;;;Equipo
19-12;F10;TOTAL_FASE;263;160;423;0;0;0;0;;;Total_Fase
19-12;F09;PF03;0;27;27;183.57294174692356;0;29.4;14.7;FS Fuga Agua / Operativa;;Equipo
19-12;F09;PF07;188;180;368;285.1191883874708;131.9;126.3;129.1;Operativa;;Equipo
19-12;F09;PF22;220;160;380;273.51930202746286;160.9;117;138.9;Traslado / Operativa;;Equipo
19-12;F09;PF23;180;0;180;215.77381863890668;166.8;0;83.4;Traslado / Operativa;;Equipo
19-12;F09;PF24;215;92;307;258.5797250763951;166.3;71.2;118.7;Traslado / Operativa;;Equipo
19-12;F09;PF25;216;164;380;0;0;0;0;FS Fuga aceites / Operativa;;Equipo
19-12;F09;PF26;105;119;224;207.9140070444709;101;114.5;107.7;Resrva;;Equipo
19-12;F09;TOTAL_FASE;1124;742;1866;1424.47898292163;157.8;104.2;131;;;Total_Fase
19-12;F11;PFARR;28;51;79;413.9558209836482;13.5;24.6;19.1;Operativa;;Equipo
19-12;F11;PF21;181;173;354;287.1219006442239;126.1;120.5;123.3;;;Equipo
19-12;F11;TOTAL_FASE;209;224;433;701.077721627872;59.6;63.9;61.8;;;Total_Fase
19-12;TODAS;TOTAL_DIA;1596;1126;2722;2125.556704549502;150.2;105.9;128.1;;;Total_Dia
20-12;F12;TOTAL_FASE;0;0;0;0;0;0;0;;;Total_Fase
20-12;F10;ROC;243;175;418;0;0;0;0;;;Equipo
20-12;F10;PF21;214;231;445;287.1219006442239;149.1;160.9;155;;;Equipo
20-12;F10;TOTAL_FASE;457;406;863;287.1219006442239;318.3;282.8;300.6;;;Total_Fase
20-12;F09;PF03;130;110;240;161.5441887372927;160.9;136.2;148.6;FS Fuga Agua / Operativa;;Equipo
20-12;F09;PF07;190;80;270;285.1191883874708;133.3;56.1;94.7;Operativa;;Equipo
20-12;F09;PF22;214;132;346;273.51930202746286;156.5;96.5;126.5;Traslado / Operativa;;Equipo
20-12;F09;PF23;30;152;182;245.19752118057576;24.5;124;74.2;Traslado / Operativa;;Equipo
20-12;F09;PF24;222;126;348;293.84059667772163;151.1;85.8;118.4;Traslado / Operativa;;Equipo
20-12;F09;PF25;74;0;74;0;0;0;0;FS Fuga aceites / Operativa;;Equipo
20-12;F09;PF26;195;110;305;207.9140070444709;187.6;105.8;146.7;Resrva;;Equipo
20-12;F09;TOTAL_FASE;1055;710;1765;1467.1348040549947;143.8;96.8;120.3;;;Total_Fase
20-12;F11;PFARR;323;289;612;591.365458548069;109.2;97.7;103.5;Operativa;;Equipo
20-12;F11;PF21;0;0;0;0;0;0;0;;;Equipo
20-12;F11;TOTAL_FASE;323;289;612;591.365458548069;109.2;97.7;103.5;;;Total_Fase
20-12;TODAS;TOTAL_DIA;1835;1405;3240;2345.6221632472875;156.5;119.8;138.1;;;Total_Dia
21-12;F12;TOTAL_FASE;0;0;0;0;0;0;0;;;Total_Fase
21-12;F10;ROC;147;0;147;0;0;0;0;;;Equipo
21-12;F10;PF21;220;135;355;287.1219006442239;153.2;94;123.6;;;Equipo
21-12;F10;TOTAL_FASE;367;135;502;287.1219006442239;255.6;94;174.8;;;Total_Fase
21-12;F09;PF03;190;145;335;391.09018024344573;97.2;74.2;85.7;FS Fuga Agua / Operativa;;Equipo
21-12;F09;PF07;96;0;96;285.1191883874708;67.3;0;33.7;Operativa;;Equipo
21-12;F09;PF22;185;164;349;273.51930202746286;135.3;119.9;127.6;Traslado / Operativa;;Equipo
21-12;F09;PF23;140;166;306;245.19752118057576;114.2;135.4;124.8;Traslado / Operativa;;Equipo
21-12;F09;PF24;205;154;359;0;0;0;0;Traslado / Operativa;;Equipo
21-12;F09;PF25;0;0;0;217.5668433968949;0;0;0;FS Fuga aceites / Operativa;;Equipo
21-12;F09;PF26;153;136;289;207.9140070444709;147.2;130.8;139;Resrva;;Equipo
21-12;F09;TOTAL_FASE;969;765;1734;1620.4070422803209;119.6;94.4;107;;;Total_Fase
21-12;F11;PFARR;221;132;353;591.365458548069;74.7;44.6;59.7;Operativa;;Equipo
21-12;F11;PF21;0;0;0;0;0;0;0;;;Equipo
21-12;F11;TOTAL_FASE;221;132;353;591.365458548069;74.7;44.6;59.7;;;Total_Fase
21-12;TODAS;TOTAL_DIA;1557;1032;2589;2498.8944014726135;124.6;82.6;103.6;;;Total_Dia
22-12;F12;TOTAL_FASE;0;0;0;0;0;0;0;;;Total_Fase
22-12;F10;ROC;0;0;0;0;0;0;0;;;Equipo
22-12;F10;PF21;0;0;0;0;0;0;0;;;Equipo
22-12;F10;TOTAL_FASE;0;0;0;0;0;0;0;;;Total_Fase
22-12;F09;PF03;340;115;455;344.15935861423225;197.6;66.8;132.2;FS Fuga Agua / Operativa;;Equipo
22-12;F09;PF07;0;0;0;285.1191883874708;0;0;0;Operativa;;Equipo
22-12;F09;PF22;158;133;291;273.51930202746286;115.5;97.3;106.4;Traslado / Operativa;;Equipo
22-12;F09;PF23;180;188;368;245.19752118057576;146.8;153.3;150.1;Traslado / Operativa;;Equipo
22-12;F09;PF24;216;151;367;0;0;0;0;Traslado / Operativa;;Equipo
22-12;F09;PF25;0;0;0;217.5668433968949;0;0;0;FS Fuga aceites / Operativa;;Equipo
22-12;F09;PF26;145;80;225;207.9140070444709;139.5;77;108.2;Resrva;;Equipo
22-12;F09;TOTAL_FASE;1039;667;1706;1573.4762206511075;132.1;84.8;108.4;;;Total_Fase
22-12;F11;PFARR;323;0;323;591.365458548069;109.2;0;54.6;Operativa;;Equipo
22-12;F11;PF21;50;174;224;200.98533045095667;49.8;173.1;111.5;;;Equipo
22-12;F11;TOTAL_FASE;373;174;547;792.3507889990257;94.2;43.9;69;;;Total_Fase
22-12;TODAS;TOTAL_DIA;1412;841;2253;2365.8270096501333;119.4;71.1;95.2;;;Total_Dia
23-12;F12;TOTAL_FASE;0;0;0;0;0;0;0;;;Total_Fase
23-12;F10;ROC;0;0;0;0;0;0;0;;;Equipo
23-12;F10;PF21;0;0;0;0;0;0;0;;;Equipo
23-12;F10;TOTAL_FASE;0;0;0;0;0;0;0;;;Total_Fase
23-12;F09;PF03;160;100;260;108.16436985018728;295.8;184.9;240.4;FS Fuga Agua / Operativa;;Equipo
23-12;F09;PF07;0;0;0;199.58343187122955;0;0;0;Operativa;;Equipo
23-12;F09;PF22;205;130;335;200.166398301916;204.8;129.9;167.4;Traslado / Operativa;;Equipo
23-12;F09;PF23;215;123;338;122.59876059028788;350.7;200.7;275.7;Traslado / Operativa;;Equipo
23-12;F09;PF24;198;87;285;0;0;0;0;Traslado / Operativa;;Equipo
23-12;F09;PF25;65;0;65;108.78342169844746;119.5;0;59.8;FS Fuga aceites / Operativa;;Equipo
23-12;F09;PF26;173;17;190;145.5398049311296;237.7;23.4;130.5;Resrva;;Equipo
23-12;F09;TOTAL_FASE;1016;457;1473;884.8361872431979;229.6;103.3;166.5;;;Total_Fase
23-12;F11;PFARR;238;0;238;413.9558209836482;115;0;57.5;Operativa;;Equipo
23-12;F11;PF21;206;0;206;0;0;0;0;;;Equipo
23-12;F11;TOTAL_FASE;444;0;444;413.9558209836482;214.5;0;107.3;;;Total_Fase
23-12;TODAS;TOTAL_DIA;1460;457;1917;1298.792008226846;224.8;70.4;147.6;;;Total_Dia
24-12;F12;TOTAL_FASE;0;0;0;0;0;0;0;;;Total_Fase
24-12;F10;2 ROC;0;0;0;0;0;0;0;Operativas;;Equipo
24-12;F10;PF21;46;70;116;626.4477832237611;14.7;22.3;18.5;Traslado /Operativa;;Equipo
24-12;F10;TOTAL_FASE;46;70;116;626.4477832237611;14.7;22.3;18.5;;;Total_Fase
24-12;F09;PF03;0;68;68;154.5205283574104;0;88;44;Evaluación Caja  / Operativa;;Equipo
24-12;F09;PF07;0;0;0;285.1191883874708;0;0;0;FS;;Equipo
24-12;F09;PF22;35;190;225;285.9519975741657;24.5;132.9;78.7;Traslado / Operativa;;Equipo
24-12;F09;PF23;79;0;79;245.19752118057576;64.4;0;32.2;Operativa/FS llave mamutt;;Equipo
24-12;F09;PF24;164;192;356;140.53245928064948;233.4;273.2;253.3;Traslado / Operativa;;Equipo
24-12;F09;PF25;0;110;110;217.5668433968949;0;101.1;50.6;FS;;Equipo
24-12;F09;PF26;204;152;356;207.9140070444709;196.2;146.2;171.2;Operativa;;Equipo
24-12;F09;TOTAL_FASE;482;712;1194;1536.802545221638;62.7;92.7;77.7;;;Total_Fase
24-12;F11;PFARR;0;0;0;454.8965065754377;0;0;0;Reserva Espera patio;;Equipo
24-12;F11;PF21;0;0;0;0;0;0;0;;;Equipo
24-12;F11;TOTAL_FASE;0;0;0;454.8965065754377;0;0;0;;;Total_Fase
24-12;TODAS;TOTAL_DIA;528;782;1310;2618.146835020837;40.3;59.7;50;;;Total_Dia
25-12;F12;TOTAL_FASE;0;0;0;0;0;0;0;;;Total_Fase
25-12;F10;2 ROC;0;0;0;0;0;0;0;Operativas;;Equipo
25-12;F10;PF21;195;159;354;626.4477832237611;62.3;50.8;56.5;Operativa;;Equipo
25-12;F10;TOTAL_FASE;195;159;354;626.4477832237611;62.3;50.8;56.5;;;Total_Fase
25-12;F09;PF03;74;50;124;154.5205283574104;95.8;64.7;80.2;Traslado  / Operativa;;Equipo
25-12;F09;PF07;0;203;203;199.58343187122955;0;203.4;101.7;FS;;Equipo
25-12;F09;PF22;200;194;394;191.463511419224;208.9;202.6;205.8;Operativa;;Equipo
25-12;F09;PF23;0;0;0;117.26837969505797;0;0;0;FS llave mamutt;;Equipo
25-12;F09;PF24;107;0;107;140.53245928064948;152.3;0;76.1;Operativa;;Equipo
25-12;F09;PF25;125;0;125;108.78342169844746;229.8;0;114.9;Operativa;;Equipo
25-12;F09;PF26;250;187;437;145.5398049311296;343.5;257;300.3;Operativa;;Equipo
25-12;F09;TOTAL_FASE;756;634;1390;1057.6915372531485;143;119.9;131.4;;;Total_Fase
25-12;F11;PFARR;0;0;0;454.8965065754377;0;0;0;Reserva Espera patio;;Equipo
25-12;F11;PF21;0;0;0;0;0;0;0;;;Equipo
25-12;F11;TOTAL_FASE;0;0;0;454.8965065754377;0;0;0;;;Total_Fase
25-12;TODAS;TOTAL_DIA;951;793;1744;2139.0358270523475;88.9;74.1;81.5;;;Total_Dia
26-12;F12;TOTAL_FASE;0;0;0;0;0;0;0;;;Total_Fase
26-12;F10;2 ROC;0;0;0;0;0;0;0;Operativas;;Equipo
26-12;F10;PF21;200;116;316;287;139.4;80.8;110.1;Operativa;;Equipo
26-12;F10;TOTAL_FASE;200;116;316;287;139.4;80.8;110.1;;;Total_Fase
26-12;F09;PF03;0;0;0;122;0;0;0;mantencion;;Equipo
26-12;F09;PF07;110;154;264;261;84.3;118;101.1;Operativa/trasalddo/operativa;;Equipo
26-12;F09;PF22;246;227;473;262;187.8;173.3;180.5;Operativa;;Equipo
26-12;F09;PF23;129;163;292;185;139.5;176.2;157.8;Operativa;;Equipo
26-12;F09;PF24;0;93;93;262;0;71;35.5;FS sin energia;;Equipo
26-12;F09;PF25;118;182;300;256;92.2;142.2;117.2;Operativa;;Equipo
26-12;F09;PF26;225;180;405;256;175.8;140.6;158.2;Operativa;;Equipo
26-12;F09;TOTAL_FASE;828;999;1827;1604;103.2;124.6;113.9;;;Total_Fase
26-12;F11;PFARR;52.5;276;328.5;580;18.1;95.2;56.6;Reserva Espera patio/traslado/operativa;;Equipo
26-12;F11;PF21;0;0;0;0;0;0;0;;;Equipo
26-12;F11;TOTAL_FASE;52.5;276;328.5;580;18.1;95.2;56.6;;;Total_Fase
26-12;TODAS;TOTAL_DIA;1080.5;1391;2471.5;2471;87.5;112.6;100;;;Total_Dia
27-12;F12;TOTAL_FASE;0;0;0;0;0;0;0;;;Total_Fase
27-12;F10;1 ROC;0;0;0;0;0;0;0;Operativas;;Equipo
27-12;F10;PF21;260;0;260;320;162.5;0;81.3;Operativa;;Equipo
27-12;F10;TOTAL_FASE;260;0;260;320;162.5;0;81.3;;;Total_Fase
27-12;F09;PF03;144;23;167;113;254.9;40.7;147.8;Operativa;;Equipo
27-12;F09;PF07;11;73;84;183;12;79.8;45.9;Operativa/FS Acero;;Equipo
27-12;F09;PF22;171;0;171;183;186.9;0;93.4;Operativa;;Equipo
27-12;F09;PF23;150;68;218;88;340.9;154.5;247.7;Operativa;;Equipo
27-12;F09;PF24;190;59;249;125;304;94.4;199.2;Operativa;;Equipo
27-12;F09;PF25;154;51;205;122;252.5;83.6;168;Operativa;;Equipo
27-12;F09;PF26;0;0;0;128;0;0;0;Reserva Sin operador / FS luz roja motor;;Equipo
27-12;F09;TOTAL_FASE;820;274;1094;942;174.1;58.2;116.1;;;Total_Fase
27-12;F11;PFARR;418;319;737;637;131.2;100.2;115.7;operativa;;Equipo
27-12;F11;PF21;0;0;0;0;0;0;0;;;Equipo
27-12;F11;TOTAL_FASE;418;319;737;637;131.2;100.2;115.7;;;Total_Fase
27-12;TODAS;TOTAL_DIA;1498;593;2091;1899;157.8;62.5;110.1;;;Total_Dia
28-12;F12;PF21;0;54;54;639;0;16.9;8.5;;;Equipo
28-12;F12;TOTAL_FASE;0;54;54;639;0;16.9;8.5;;;Total_Fase
28-12;F10;PF21;0;0;0;0;0;0;0;Traslado a Fase 12;;Equipo
28-12;F10;TOTAL_FASE;0;0;0;0;0;0;0;;;Total_Fase
28-12;F09;PF03;95;73;168;184;103.3;79.3;91.3;traslado/Operativa;;Equipo
28-12;F09;PF07;243;221;464;261;186.2;169.3;177.8;Operativa;;Equipo
28-12;F09;PF22;151;112;263;262;115.3;85.5;100.4;Operativa;;Equipo
28-12;F09;PF23;68;136;204;220;61.8;123.6;92.7;traslado/Operativa;;Equipo
28-12;F09;PF24;20;0;20;0;0;0;0;traslado/mantención;;Equipo
28-12;F09;PF25;34;131;165;305;22.3;85.9;54.1;traslado/Operativa;;Equipo
28-12;F09;PF26;0;135;135;304;0;88.8;44.4;FS luz roja motor/ operativa sin operador;;Equipo
28-12;F09;TOTAL_FASE;611;808;1419;1536;79.6;105.2;92.4;;;Total_Fase
28-12;F11;PFARR;287;250;537;637;90.1;78.5;84.3;Operativa;;Equipo
28-12;F11;PF21;0;0;0;0;0;0;0;;;Equipo
28-12;F11;TOTAL_FASE;287;250;537;637;90.1;78.5;84.3;;;Total_Fase
28-12;TODAS;TOTAL_DIA;898;1112;2010;2812;63.9;79.1;71.5;;;Total_Dia
29-12;F12;PF21;543;335;878;448;242.4;149.6;196;;;Equipo
29-12;F12;TOTAL_FASE;543;335;878;448;242.4;149.6;196;;;Total_Fase
29-12;F10;PF21;0;0;0;0;0;0;0;Traslado a Fase 12;;Equipo
29-12;F10;TOTAL_FASE;0;0;0;0;0;0;0;;;Total_Fase
29-12;F09;PF03;102;131;233;155;131.6;169;150.3;traslado/Operativa;;Equipo
29-12;F09;PF07;19;119;138;261;14.6;91.2;52.9;Operativa;;Equipo
29-12;F09;PF22;228;159;387;262;174;121.4;147.7;Operativa;;Equipo
29-12;F09;PF23;20;113;133;220;18.2;102.7;60.5;traslado/Operativa;;Equipo
29-12;F09;PF24;0;0;0;0;0;0;0;traslado/mantención;;Equipo
29-12;F09;PF25;150;204;354;305;98.4;133.8;116.1;traslado/Operativa;;Equipo
29-12;F09;PF26;227;156;383;304;149.3;102.6;126;FS luz roja motor/ operativa sin operador;;Equipo
29-12;F09;TOTAL_FASE;746;882;1628;1507;99;117.1;108;;;Total_Fase
29-12;F11;PFARR;281;87;368;446;126;39;82.5;Operativa;;Equipo
29-12;F11;Roc;96;0;96;0;0;0;0;;;Equipo
29-12;F11;TOTAL_FASE;377;87;464;446;169.1;39;104;;;Total_Fase
29-12;TODAS;TOTAL_DIA;1666;1304;2970;2401;138.8;108.6;123.7;;;Total_Dia
30-12;F12;PF21;517;215;732;639;161.8;67.3;114.6;;;Equipo
30-12;F12;TOTAL_FASE;517;215;732;639;161.8;67.3;114.6;;;Total_Fase
30-12;F10;PF21;0;0;0;0;0;0;0;Traslado a Fase 12;;Equipo
30-12;F10;TOTAL_FASE;0;0;0;0;0;0;0;;;Total_Fase
30-12;F09;PF03;0;50;50;155;0;64.5;32.3;traslado/Operativa;;Equipo
30-12;F09;PF07;0;0;0;261;0;0;0;Operativa;;Equipo
30-12;F09;PF22;224;157;381;262;171;119.8;145.4;Operativa;;Equipo
30-12;F09;PF23;241;133;374;220;219.1;120.9;170;traslado/Operativa;;Equipo
30-12;F09;PF24;0;0;0;0;0;0;0;traslado/mantención;;Equipo
30-12;F09;PF25;111;16.5;127.5;305;72.8;10.8;41.8;traslado/Operativa;;Equipo
30-12;F09;PF26;153;188;341;304;100.7;123.7;112.2;FS luz roja motor/ operativa sin operador;;Equipo
30-12;F09;TOTAL_FASE;729;544.5;1273.5;1507;96.7;72.3;84.5;;;Total_Fase
30-12;F11;PFARR;309;147;456;637;97;46.2;71.6;Operativa;;Equipo
30-12;F11;Roc;0;0;0;0;0;0;0;;;Equipo
30-12;F11;TOTAL_FASE;309;147;456;637;97;46.2;71.6;;;Total_Fase
30-12;TODAS;TOTAL_DIA;1555;906.5;2461.5;2783;111.7;65.1;88.4;;;Total_Dia
31-12;F12;PF21;0;0;0;639;0;0;0;;;Equipo
31-12;F12;TOTAL_FASE;0;0;0;639;0;0;0;;;Total_Fase
31-12;F10;PF21;277;240;517;0;0;0;0;Traslado a Fase 12;;Equipo
31-12;F10;TOTAL_FASE;277;240;517;0;0;0;0;;;Total_Fase
31-12;F09;PF03;68;0;68;108;125.9;0;63;traslado/Operativa;;Equipo
31-12;F09;PF07;0;237;237;152;0;311.8;155.9;Operativa;;Equipo
31-12;F09;PF22;155;100;255;183;169.4;109.3;139.3;Operativa;;Equipo
31-12;F09;PF23;108;0;108;88;245.5;0;122.7;traslado/Operativa;;Equipo
31-12;F09;PF24;0;0;0;125;0;0;0;traslado/mantención;;Equipo
31-12;F09;PF25;0;0;0;122;0;0;0;traslado/Operativa;;Equipo
31-12;F09;PF26;126;100;226;204;123.5;98;110.8;FS luz roja motor/ operativa sin operador;;Equipo
31-12;F09;TOTAL_FASE;457;437;894;982;93.1;89;91;;;Total_Fase
31-12;F11;PFARR;177;224;401;637;55.6;70.3;63;Operativa;;Equipo
31-12;F11;Roc;327;275;602;0;0;0;0;;;Equipo
31-12;F11;TOTAL_FASE;504;499;1003;637;158.2;156.7;157.5;;;Total_Fase
31-12;TODAS;TOTAL_DIA;1238;1176;2414;2258;109.7;104.2;106.9;;;Total_Dia
01-01;F12;PF21;330;340;670;448;147.3;151.8;149.6;;;Equipo
01-01;F12;TOTAL_FASE;330;340;670;448;147.3;151.8;149.6;;;Total_Fase
01-01;F10;PF21;0;0;0;0;0;0;0;Traslado a Fase 12;;Equipo
01-01;F10;TOTAL_FASE;0;0;0;0;0;0;0;;;Total_Fase
01-01;F09;PF03;0;158;158;155;0;203.9;101.9;traslado/Operativa;;Equipo
01-01;F09;PF07;0;0;0;0;0;0;0;Operativa;;Equipo
01-01;F09;PF22;210;145;355;251;167.3;115.5;141.4;Operativa;;Equipo
01-01;F09;PF23;0;53;53;185;0;57.3;28.6;traslado/Operativa;;Equipo
01-01;F09;PF24;51;48;99;262;38.9;36.6;37.8;traslado/mantención;;Equipo
01-01;F09;PF25;0;100;100;256;0;78.1;39.1;traslado/Operativa;;Equipo
01-01;F09;PF26;117;114;231;291;80.4;78.4;79.4;FS luz roja motor/ operativa sin operador;;Equipo
01-01;F09;TOTAL_FASE;378;618;996;1400;54;88.3;71.1;;;Total_Fase
01-01;F11;PFARR;259;105;364;446;116.1;47.1;81.6;Operativa;;Equipo
01-01;F11;Roc;270;15;285;0;0;0;0;;;Equipo
01-01;F11;PF07;428;98;526;261;328;75.1;201.5;;;Equipo
01-01;F11;TOTAL_FASE;957;218;1175;707;270.7;61.7;166.2;;;Total_Fase
01-01;TODAS;TOTAL_DIA;1665;1176;2841;2555;130.3;92.1;111.2;;;Total_Dia
02-01;F12;ROC;160;112;272;0;0;0;0;;;Equipo
02-01;F12;PF21;282;265;547;331.3760859462795;170.2;159.9;165.1;;;Equipo
02-01;F12;TOTAL_FASE;442;377;819;331.3760859462795;266.8;227.5;247.2;;;Total_Fase
02-01;F10;TOTAL_FASE;0;0;0;0;0;0;0;;;Total_Fase
02-01;F09;PF03;42;10;52;147.8440380950628;56.8;13.5;35.2;;;Equipo
02-01;F09;PF22;162;188;350;225.61229560648025;143.6;166.7;155.1;;;Equipo
02-01;F09;PF23;93;11;104;240.8455633548649;77.2;9.1;43.2;;;Equipo
02-01;F09;PF24;142;220;362;231.5364548231192;122.7;190;156.3;;;Equipo
02-01;F09;PF25;0;125;125;244.26503584569096;0;102.3;51.2;;;Equipo
02-01;F09;PF26;131;213;344;115.95945436891469;225.9;367.4;296.7;;;Equipo
02-01;F09;ROC;0;63;0;0;0;0;0;;;Equipo
02-01;F09;TOTAL_FASE;570;830;1337;1206.062842094133;94.5;137.6;110.9;;;Total_Fase
02-01;F11;PFARR;312;207;519;608.900398159674;102.5;68;85.2;;;Equipo
02-01;F11;Roc;346;240;586;0;0;0;0;;;Equipo
02-01;F11;PF07;224;295;519;491.35156925225675;91.2;120.1;105.6;;;Equipo
02-01;F11;TOTAL_FASE;882;742;1624;1100.2519674119308;160.3;134.9;147.6;;;Total_Fase
02-01;TODAS;TOTAL_DIA;1894;1949;3780;2637.6908954523433;143.6;147.8;143.3;;;Total_Dia
03-01;F12;ROC;0;48;48;0;0;0;0;;;Equipo
03-01;F12;PF21;315;416;731;231.9632601623956;271.6;358.7;315.1;;;Equipo
03-01;F12;TOTAL_FASE;315;464;779;231.9632601623956;271.6;400.1;335.8;;;Total_Fase
03-01;F10;TOTAL_FASE;0;0;0;0;0;0;0;;;Total_Fase
03-01;F09;PF03;160;47;207;130.10275352365528;246;72.3;159.1;;;Equipo
03-01;F09;PF22;232;200;432;225.61229560648025;205.7;177.3;191.5;;;Equipo
03-01;F09;PF23;38;117;155;240.8455633548649;31.6;97.2;64.4;;;Equipo
03-01;F09;PF24;188;234;422;231.5364548231192;162.4;202.1;182.3;;;Equipo
03-01;F09;PF25;124;73;197;244.26503584569096;101.5;59.8;80.7;;;Equipo
03-01;F09;PF26;20;0;20;0;0;0;0;;;Equipo
03-01;F09;ROC;136;20;0;0;0;0;0;;;Equipo
03-01;F09;TOTAL_FASE;898;691;1433;1072.3621031538107;167.5;128.9;133.6;;;Total_Fase
03-01;F11;PFARR;192;145;337;608.900398159674;63.1;47.6;55.3;;;Equipo
03-01;F11;Roc;160;0;160;0;0;0;0;;;Equipo
03-01;F11;PF07;410;357;767;491.35156925225675;166.9;145.3;156.1;;;Equipo
03-01;F11;TOTAL_FASE;762;502;1264;1100.2519674119308;138.5;91.3;114.9;;;Total_Fase
03-01;TODAS;TOTAL_DIA;1975;1657;3476;2404.5773307281374;164.3;137.8;144.6;;;Total_Dia
04-01;F12;ROC;0;0;0;0;0;0;0;;;Equipo
04-01;F12;TOTAL_FASE;0;0;0;0;0;0;0;;;Total_Fase
04-01;F10;TOTAL_FASE;0;0;0;0;0;0;0;;;Total_Fase
04-01;F09;PF03;0;95;95;130.10275352365528;0;146;73;;;Equipo
04-01;F09;PF21;0;0;0;0;0;0;0;;;Equipo
04-01;F09;PF22;250;0;250;225.61229560648025;221.6;0;110.8;;;Equipo
04-01;F09;PF23;148;115;263;240.8455633548649;122.9;95.5;109.2;;;Equipo
04-01;F09;PF24;221;133;354;231.5364548231192;190.9;114.9;152.9;;;Equipo
04-01;F09;PF25;92;168;260;244.26503584569096;75.3;137.6;106.4;;;Equipo
04-01;F09;PF26;0;0;0;231.91890873782938;0;0;0;;;Equipo
04-01;F09;ROC;74;0;0;0;0;0;0;;;Equipo
04-01;F09;TOTAL_FASE;785;511;1222;1304.28101189164;120.4;78.4;93.7;;;Total_Fase
04-01;F11;PFARR;266;0;266;608.900398159674;87.4;0;43.7;;;Equipo
04-01;F11;Roc;0;0;0;0;0;0;0;;;Equipo
04-01;F11;PF07;380;340;720;491.35156925225675;154.7;138.4;146.5;;;Equipo
04-01;F11;TOTAL_FASE;646;340;986;1100.2519674119308;117.4;61.8;89.6;;;Total_Fase
04-01;TODAS;TOTAL_DIA;1431;851;2208;2404.5329793035708;119;70.8;91.8;;;Total_Dia
05-01;F12;ROC;0;0;0;0;0;0;0;;;Equipo
05-01;F12;TOTAL_FASE;0;0;0;0;0;0;0;;;Total_Fase
05-01;F10;TOTAL_FASE;0;0;0;0;0;0;0;;;Total_Fase
05-01;F09;PF03;120;103;223;91.07192746655869;263.5;226.2;244.9;;;Equipo
05-01;F09;PF21;0;0;0;0;0;0;0;;;Equipo
05-01;F09;PF22;0;0;0;157.92860692453615;0;0;0;;;Equipo
05-01;F09;PF23;224;25;249;101.15513660904327;442.9;49.4;246.2;;;Equipo
05-01;F09;PF24;33;0;33;101.66555243596962;64.9;0;32.5;;;Equipo
05-01;F09;PF25;205;143;348;102.5913150551902;399.6;278.8;339.2;;;Equipo
05-01;F09;PF26;104;181;285;162.34323611648054;128.1;223;175.6;;;Equipo
05-01;F09;ROC;0;0;0;0;0;0;0;;;Equipo
05-01;F09;TOTAL_FASE;686;452;1138;716.7557746077784;191.4;126.1;158.8;;;Total_Fase
05-01;F11;PFARR;191;344;535;426.2302787117718;89.6;161.4;125.5;;;Equipo
05-01;F11;ROC;240;206;446;0;0;0;0;;;Equipo
05-01;F11;PF07;208;0;208;343.94609847657966;120.9;0;60.5;;;Equipo
05-01;F11;TOTAL_FASE;639;550;1189;770.1763771883515;165.9;142.8;154.4;;;Total_Fase
05-01;TODAS;TOTAL_DIA;1325;1002;2327;1486.9321517961298;178.2;134.8;156.5;;;Total_Dia
06-01;F12;ROC;0;0;0;0;0;0;0;;;Equipo
06-01;F12;TOTAL_FASE;0;0;0;0;0;0;0;;;Total_Fase
06-01;F10;TOTAL_FASE;0;0;0;0;0;0;0;;;Total_Fase
06-01;F09;PF03;105;51;156;130.10275352365528;161.4;78.4;119.9;;;Equipo
06-01;F09;PF21;0;0;0;0;0;0;0;;;Equipo
06-01;F09;PF22;150;210;360;225.61229560648025;133;186.2;159.6;;;Equipo
06-01;F09;PF23;202;164;366;211.94409575228116;190.6;154.8;172.7;;;Equipo
06-01;F09;PF24;0;0;0;213.01353843726963;0;0;0;;;Equipo
06-01;F09;PF25;148;150;298;214.95323154420805;137.7;139.6;138.6;;;Equipo
06-01;F09;PF26;130;188;318;231.91890873782938;112.1;162.1;137.1;;;Equipo
06-01;F09;ROC;0;0;0;0;0;0;0;;;Equipo
06-01;F09;TOTAL_FASE;735;763;1498;1227.5448236017237;119.8;124.3;122;;;Total_Fase
06-01;F11;PFARR;316;169;485;608.900398159674;103.8;55.5;79.7;;;Equipo
06-01;F11;ROC;0;54;54;0;0;0;0;;;Equipo
06-01;F11;PF07;119;162;281;491.35156925225675;48.4;65.9;57.2;;;Equipo
06-01;F11;TOTAL_FASE;435;385;820;1100.2519674119308;79.1;70;74.5;;;Total_Fase
06-01;TODAS;TOTAL_DIA;1170;1148;2318;2327.7967910136545;100.5;98.6;99.6;;;Total_Dia
07-01;F12;ROC;0;0;0;0;0;0;0;;;Equipo
07-01;F12;TOTAL_FASE;0;0;0;0;0;0;0;;;Total_Fase
07-01;F10;TOTAL_FASE;0;0;0;0;0;0;0;;;Total_Fase
07-01;F09;PF03;85;77;162;130.10275352365528;130.7;118.4;124.5;;;Equipo
07-01;F09;PF21;0;0;0;0;0;0;0;;;Equipo
07-01;F09;PF22;83;73;156;225.61229560648025;73.6;64.7;69.1;;;Equipo
07-01;F09;PF23;68;124;192;240.8455633548649;56.5;103;79.7;;;Equipo
07-01;F09;PF24;32;139;171;242.06083913326097;26.4;114.8;70.6;;;Equipo
07-01;F09;PF25;53;0;53;244.26503584569096;43.4;0;21.7;;;Equipo
07-01;F09;PF26;128;76;204;231.91890873782938;110.4;65.5;88;;;Equipo
07-01;F09;ROC;0;0;0;0;0;0;0;;;Equipo
07-01;F09;TOTAL_FASE;449;489;938;1314.8053962017816;68.3;74.4;71.3;;;Total_Fase
07-01;F11;PFARR;0;0;0;426.23027871177175;0;0;0;;;Equipo
07-01;F11;ROC;0;0;0;0;0;0;0;;;Equipo
07-01;F11;PF07;367;51;418;343.94609847657966;213.4;29.7;121.5;;;Equipo
07-01;F11;TOTAL_FASE;367;51;418;770.1763771883514;95.3;13.2;54.3;;;Total_Fase
07-01;TODAS;TOTAL_DIA;816;540;1356;2084.9817733901327;78.3;51.8;65;;;Total_Dia
08-01;F12;ROC;0;0;0;0;0;0;0;;;Equipo
08-01;F12;TOTAL_FASE;0;0;0;0;0;0;0;;;Total_Fase
08-01;F10;TOTAL_FASE;0;0;0;0;0;0;0;;;Total_Fase
08-01;F09;PF03;103;103;206;130.10275352365528;158.3;158.3;158.3;;;Equipo
08-01;F09;PF21;0;0;0;0;0;0;0;;;Equipo
08-01;F09;PF22;208;125;333;225.61229560648025;184.4;110.8;147.6;;;Equipo
08-01;F09;PF23;224;7;231;240.8455633548649;186;5.8;95.9;;;Equipo
08-01;F09;PF24;42;80;122;242.06083913326097;34.7;66.1;50.4;;;Equipo
08-01;F09;PF25;0;0;0;244.26503584569096;0;0;0;;;Equipo
08-01;F09;PF26;140;152;292;231.91890873782938;120.7;131.1;125.9;;;Equipo
08-01;F09;ROC;0;0;0;0;0;0;0;;;Equipo
08-01;F09;TOTAL_FASE;717;467;1184;1314.8053962017816;109.1;71;90.1;;;Total_Fase
08-01;F11;PFARR;0;0;0;608.900398159674;0;0;0;;;Equipo
08-01;F11;ROC;0;0;0;0;0;0;0;;;Equipo
08-01;F11;PF07;0;0;0;491.35156925225675;0;0;0;;;Equipo
08-01;F11;TOTAL_FASE;0;0;0;1100.2519674119308;0;0;0;;;Total_Fase
08-01;TODAS;TOTAL_DIA;717;467;1184;2415.0573636137124;59.4;38.7;49;;;Total_Dia
09-01;F12;ROC;0;0;0;0;0;0;0;;;Equipo
09-01;F12;TOTAL_FASE;0;0;0;0;0;0;0;;;Total_Fase
09-01;F10;TOTAL_FASE;0;0;0;0;0;0;0;;;Total_Fase
09-01;F09;PF03;84;94;178;158;106.3;119;112.7;;;Equipo
09-01;F09;PF21;0;17;17;222;0;15.3;7.7;;;Equipo
09-01;F09;PF22;134;183;317;172;155.8;212.8;184.3;;;Equipo
09-01;F09;PF23;0;0;0;244;0;0;0;;;Equipo
09-01;F09;PF24;0;0;0;229;0;0;0;;;Equipo
09-01;F09;PF25;0;0;0;228;0;0;0;;;Equipo
09-01;F09;PF26;235;146;381;222;211.7;131.5;171.6;;;Equipo
09-01;F09;ROC;0;113;0;0;0;0;0;;;Equipo
09-01;F09;TOTAL_FASE;453;553;893;1475;61.4;75;60.5;;;Total_Fase
09-01;F11;PFARR;44;177;221;592;14.9;59.8;37.3;;;Equipo
09-01;F11;ROC;0;0;0;0;0;0;0;;;Equipo
09-01;F11;PF07;106;265;371;515;41.2;102.9;72;;;Equipo
09-01;F11;TOTAL_FASE;150;442;592;1107;27.1;79.9;53.5;;;Total_Fase
09-01;TODAS;TOTAL_DIA;603;995;1485;2582;46.7;77.1;57.5;;;Total_Dia
10-01;F12;ROC;0;0;0;0;0;0;0;;;Equipo
10-01;F12;TOTAL_FASE;0;0;0;0;0;0;0;;;Total_Fase
10-01;F10;TOTAL_FASE;0;0;0;0;0;0;0;;;Total_Fase
10-01;F09;PF03;120;76;196;0;0;0;0;;;Equipo
10-01;F09;PF21;117;0;117;156;150;0;75;;;Equipo
10-01;F09;PF22;78;0;78;161;96.9;0;48.4;;;Equipo
10-01;F09;PF23;113;21;134;117;193.2;35.9;114.5;;;Equipo
10-01;F09;PF24;87;21;108;114;152.6;36.8;94.7;;;Equipo
10-01;F09;PF25;39;36;75;114;68.4;63.2;65.8;;;Equipo
10-01;F09;PF26;158;17;175;156;202.6;21.8;112.2;;;Equipo
10-01;F09;ROC;0;81;0;0;0;0;0;;;Equipo
10-01;F09;TOTAL_FASE;712;252;883;818;174.1;61.6;107.9;;;Total_Fase
10-01;F11;PFARR;202;227;429;592;68.2;76.7;72.5;;;Equipo
10-01;F11;ROC;0;0;0;0;0;0;0;;;Equipo
10-01;F11;PF07;270;407;677;515;104.9;158.1;131.5;;;Equipo
10-01;F11;TOTAL_FASE;472;634;1106;1107;85.3;114.5;99.9;;;Total_Fase
10-01;TODAS;TOTAL_DIA;1184;886;1989;1925;123;92.1;103.3;;;Total_Dia
11-01;F12;ROC;0;0;0;0;0;0;0;;;Equipo
11-01;F12;TOTAL_FASE;0;0;0;0;0;0;0;;;Total_Fase
11-01;F10;TOTAL_FASE;0;0;0;0;0;0;0;;;Total_Fase
11-01;F09;PF03;170;43;213;0;0;0;0;;;Equipo
11-01;F09;PF21;106;0;106;222;95.5;0;47.7;;;Equipo
11-01;F09;PF22;34;116;150;230;29.6;100.9;65.2;;;Equipo
11-01;F09;PF23;260;67;327;205;253.7;65.4;159.5;;;Equipo
11-01;F09;PF24;157;107;264;201;156.2;106.5;131.3;;;Equipo
11-01;F09;PF25;175;215;390;201;174.1;213.9;194;;;Equipo
11-01;F09;PF26;230;155;385;222;207.2;139.6;173.4;;;Equipo
11-01;F09;ROC;0;321;0;0;0;0;0;;;Equipo
11-01;F09;TOTAL_FASE;1132;1024;1835;1281;176.7;159.9;143.2;;;Total_Fase
11-01;F11;PFARR;282;211;493;414;136.2;101.9;119.1;;;Equipo
11-01;F11;ROC;0;0;0;0;0;0;0;;;Equipo
11-01;F11;PF07;405;395;800;361;224.4;218.8;221.6;;;Equipo
11-01;F11;TOTAL_FASE;687;606;1293;775;177.3;156.4;166.8;;;Total_Fase
11-01;TODAS;TOTAL_DIA;1819;1630;3128;2056;176.9;158.6;152.1;;;Total_Dia
12-01;F12;TOTAL_FASE;0;0;0;0;0;0;0;;;Total_Fase
12-01;F10;TOTAL_FASE;0;0;0;0;0;0;0;;;Total_Fase
12-01;F09;PF03;0;0;0;0;0;0;0;;;Equipo
12-01;F09;PF21;273;87;360;222;245.9;78.4;162.2;;;Equipo
12-01;F09;PF22;89;202;291;230;77.4;175.7;126.5;;;Equipo
12-01;F09;PF23;198;160;358;233;170;137.3;153.6;;;Equipo
12-01;F09;PF24;199;163;362;229;173.8;142.4;158.1;;;Equipo
12-01;F09;PF25;179;35;214;228;157;30.7;93.9;;;Equipo
12-01;F09;PF26;225;152;377;222;202.7;136.9;169.8;;;Equipo
12-01;F09;ROC;0;0;0;0;0;0;0;;;Equipo
12-01;F09;TOTAL_FASE;1163;799;1962;1364;170.5;117.2;143.8;;;Total_Fase
12-01;F11;PFARR;313;262;575;592;105.7;88.5;97.1;;;Equipo
12-01;F11;ROC;0;0;0;0;0;0;0;;;Equipo
12-01;F11;PF07;491;213;704;515;190.7;82.7;136.7;;;Equipo
12-01;F11;TOTAL_FASE;804;475;1279;1107;145.3;85.8;115.5;;;Total_Fase
12-01;TODAS;TOTAL_DIA;1967;1274;3241;2471;159.2;103.1;131.2;;;Total_Dia
13-01;F12;TOTAL_FASE;0;0;0;0;0;0;0;;;Total_Fase
13-01;F10;TOTAL_FASE;0;0;0;0;0;0;0;;;Total_Fase
13-01;F09;PF03;0;0;0;70;0;0;0;;;Equipo
13-01;F09;PF21;233;164;397;156;298.7;210.3;254.5;;;Equipo
13-01;F09;PF22;186;116;302;161;231.1;144.1;187.6;;;Equipo
13-01;F09;PF23;195;74;269;163;239.3;90.8;165;;;Equipo
13-01;F09;PF24;166;51;217;160;207.5;63.8;135.6;;;Equipo
13-01;F09;PF25;112;51;163;160;140;63.8;101.9;;;Equipo
13-01;F09;PF26;240;176;416;156;307.7;225.6;266.7;;;Equipo
13-01;F09;ROC;0;0;0;0;0;0;0;;;Equipo
13-01;F09;TOTAL_FASE;1132;632;1764;1026;220.7;123.2;171.9;;;Total_Fase
13-01;F11;PFARR;136;127;263;592;45.9;42.9;44.4;;;Equipo
13-01;F11;ROC;0;0;0;0;0;0;0;;;Equipo
13-01;F11;PF07;524;530;1054;515;203.5;205.8;204.7;;;Equipo
13-01;F11;TOTAL_FASE;660;657;1317;1107;119.2;118.7;119;;;Total_Fase
13-01;TODAS;TOTAL_DIA;1792;1289;3081;2133;168;120.9;144.4;;;Total_Dia
14-01;F12;TOTAL_FASE;0;0;0;0;0;0;0;;;Total_Fase
14-01;F10;TOTAL_FASE;0;0;0;0;0;0;0;;;Total_Fase
14-01;F09;PF03;0;0;0;139;0;0;0;;;Equipo
14-01;F09;PF21;218;200;418;222;196.4;180.2;188.3;;;Equipo
14-01;F09;PF22;68;140;208;230;59.1;121.7;90.4;;;Equipo
14-01;F09;PF23;179;143;322;233;153.6;122.7;138.2;;;Equipo
14-01;F09;PF24;160;170;330;229;139.7;148.5;144.1;;;Equipo
14-01;F09;PF25;160;146;306;228;140.4;128.1;134.2;;;Equipo
14-01;F09;PF26;110;115;225;222;99.1;103.6;101.4;;;Equipo
14-01;F09;ROC;150;96;246;0;0;0;0;;;Equipo
14-01;F09;TOTAL_FASE;1045;1010;2055;1503;139.1;134.4;136.7;;;Total_Fase
14-01;F11;PFARR;149;47;196;355;83.9;26.5;55.2;;;Equipo
14-01;F11;ROC;0;300;300;0;0;0;0;;;Equipo
14-01;F11;PF07;120;425;545;515;46.6;165;105.8;;;Equipo
14-01;F11;TOTAL_FASE;269;772;1041;870;61.8;177.5;119.7;;;Total_Fase
14-01;TODAS;TOTAL_DIA;1314;1782;3096;2373;110.7;150.2;130.5;;;Total_Dia
15-01;F12;TOTAL_FASE;0;0;0;0;0;0;0;;;Total_Fase
15-01;F10;TOTAL_FASE;0;0;0;0;0;0;0;;;Total_Fase
15-01;F09;PF03;0;0;0;139;0;0;0;;;Equipo
15-01;F09;PF21;230;130;360;222;207.2;117.1;162.2;;;Equipo
15-01;F09;PF22;96;78;174;0;0;0;0;;;Equipo
15-01;F09;PF23;208;163;371;233;178.5;139.9;159.2;;;Equipo
15-01;F09;PF24;174;115;289;229;152;100.4;126.2;;;Equipo
15-01;F09;PF25;155;149;304;228;136;130.7;133.3;;;Equipo
15-01;F09;PF26;177;130;307;222;159.5;117.1;138.3;;;Equipo
15-01;F09;ROC;16;32;48;0;0;0;0;;;Equipo
15-01;F09;TOTAL_FASE;1056;797;1853;1273;165.9;125.2;145.6;;;Total_Fase
15-01;F11;PFARR;351;102;453;414;169.6;49.3;109.4;;;Equipo
15-01;F11;ROC;388;171;559;0;0;0;0;;;Equipo
15-01;F11;PF07;380;289;669;361;210.5;160.1;185.3;;;Equipo
15-01;F11;TOTAL_FASE;1119;562;1681;775;288.8;145;216.9;;;Total_Fase
15-01;TODAS;TOTAL_DIA;2175;1359;3534;2048;212.4;132.7;172.6;;;Total_Dia
16-01;F12;TOTAL_FASE;0;0;0;0;0;0;0;;;Total_Fase
16-01;F10;TOTAL_FASE;0;0;0;0;0;0;0;;;Total_Fase
16-01;F09;PF03;0;50;50;156.15776;0;64;32;;;Equipo
16-01;F09;PF21;240;16;256;281.9900160000001;170.2;11.3;90.8;;;Equipo
16-01;F09;PF22;160;135;295;0;0;0;0;;;Equipo
16-01;F09;PF23;150;30;180;226.04736;132.7;26.5;79.6;;;Equipo
16-01;F09;PF24;29;35;64;231.85932;25;30.2;27.6;;;Equipo
16-01;F09;PF25;139;136;275;231.43428;120.1;117.5;118.8;;;Equipo
16-01;F09;PF26;159;0;159;307.824;103.3;0;51.7;;;Equipo
16-01;F09;ROC;32;0;32;0;0;0;0;;;Equipo
16-01;F09;TOTAL_FASE;909;402;1311;1435.312736;126.7;56;91.3;;;Total_Fase
16-01;F11;PFARR;345;85;430;440.748;156.6;38.6;97.6;;;Equipo
16-01;F11;ROC;158;0;158;0;0;0;0;;;Equipo
16-01;F11;PF07;380;200;580;406.02038400000004;187.2;98.5;142.8;;;Equipo
16-01;F11;TOTAL_FASE;883;285;1168;846.768384;208.6;67.3;137.9;;;Total_Fase
16-01;TODAS;TOTAL_DIA;1792;687;2479;2282.08112;157;60.2;108.6;;;Total_Dia
17-01;F12;TOTAL_FASE;0;0;0;0;0;0;0;;;Total_Fase
17-01;F10;TOTAL_FASE;0;0;0;0;0;0;0;;;Total_Fase
17-01;F09;PF03;116;76;192;156.15776;148.6;97.3;123;;;Equipo
17-01;F09;PF21;105;42;147;281.9900160000001;74.5;29.8;52.1;;;Equipo
17-01;F09;PF22;10;0;10;0;0;0;0;;;Equipo
17-01;F09;PF23;83;70;153;322.9248;51.4;43.4;47.4;;;Equipo
17-01;F09;PF24;128;53;181;331.22760000000005;77.3;32;54.6;;;Equipo
17-01;F09;PF25;82;70;152;330.6204;49.6;42.3;46;;;Equipo
17-01;F09;PF26;165;73;238;307.824;107.2;47.4;77.3;;;Equipo
17-01;F09;ROC;128;48;176;0;0;0;0;;;Equipo
17-01;F09;TOTAL_FASE;817;432;1249;1730.7445760000003;94.4;49.9;72.2;;;Total_Fase
17-01;F11;PFARR;187;87;274;629.6400000000001;59.4;27.6;43.5;;;Equipo
17-01;F11;ROC;0;0;0;0;0;0;0;;;Equipo
17-01;F11;PF07;300;117;417;580.02912;103.4;40.3;71.9;;;Equipo
17-01;F11;TOTAL_FASE;487;204;691;1209.66912;80.5;33.7;57.1;;;Total_Fase
17-01;TODAS;TOTAL_DIA;1304;636;1940;2940.4136960000005;88.7;43.3;66;;;Total_Dia
18-01;F12;TOTAL_FASE;0;0;0;0;0;0;0;;;Total_Fase
18-01;F10;TOTAL_FASE;0;0;0;0;0;0;0;;;Total_Fase
18-01;F09;PF03;218;105;323;102.85117919999998;423.9;204.2;314;;;Equipo
18-01;F09;PF21;198;63;261;177.65371008000002;222.9;70.9;146.9;;;Equipo
18-01;F09;PF22;0;0;0;178.48309248;0;0;0;;;Equipo
18-01;F09;PF23;228;136;364;226.04736;201.7;120.3;161;;;Equipo
18-01;F09;PF24;200;128;328;231.85932;172.5;110.4;141.5;;;Equipo
18-01;F09;PF25;205;168;373;231.43428;177.2;145.2;161.2;;;Equipo
18-01;F09;PF26;228;70;298;202.74407999999997;224.9;69.1;147;;;Equipo
18-01;F09;ROC;0;0;0;0;0;0;0;;;Equipo
18-01;F09;TOTAL_FASE;1277;670;1947;1351.07302176;189;99.2;144.1;;;Total_Fase
18-01;F11;PFARR;154;113.5;267.5;699.5999999999999;44;32.4;38.2;;;Equipo
18-01;F11;ROC;465.6;0;465.6;0;0;0;0;;;Equipo
18-01;F11;PF07;310;125;435;234.9117936;263.9;106.4;185.2;;;Equipo
18-01;F11;TOTAL_FASE;929.6;238.5;1168.1;934.5117935999999;198.9;51;125;;;Total_Fase
18-01;TODAS;TOTAL_DIA;2206.6;908.5;3115.1;2285.58481536;193.1;79.5;136.3;;;Total_Dia
19-01;F12;TOTAL_FASE;0;0;0;0;0;0;0;;;Total_Fase
19-01;F10;TOTAL_FASE;0;0;0;0;0;0;0;;;Total_Fase
19-01;F09;PF03;46;80;126;163.25584;56.4;98;77.2;;;Equipo
19-01;F09;PF21;187;178;365;281.9900160000001;132.6;126.2;129.4;;;Equipo
19-01;F09;PF22;0;4;4;283.30649600000004;0;2.8;1.4;;;Equipo
19-01;F09;PF23;160;153;313;322.9248;99.1;94.8;96.9;;;Equipo
19-01;F09;PF24;40;100;140;331.22760000000005;24.2;60.4;42.3;;;Equipo
19-01;F09;PF25;248;104;352;330.6204;150;62.9;106.5;;;Equipo
19-01;F09;PF26;188;27.5;215.5;321.81600000000003;116.8;17.1;67;;;Equipo
19-01;F09;ROC;0;0;0;0;0;0;0;;;Equipo
19-01;F09;TOTAL_FASE;869;646.5;1515.5;2035.1411520000001;85.4;63.5;74.5;;;Total_Fase
19-01;F11;PFARR;187;44;231;440.748;84.9;20;52.4;;;Equipo
19-01;F11;ROC;0;162.9;162.9;0;0;0;0;;;Equipo
19-01;F11;PF07;280;140;420;0;0;0;0;;;Equipo
19-01;F11;TOTAL_FASE;467;346.9;813.9;440.748;211.9;157.4;184.7;;;Total_Fase
19-01;TODAS;TOTAL_DIA;1336;993.4;2329.4;2475.889152;107.9;80.2;94.1;;;Total_Dia
20-01;F12;TOTAL_FASE;0;0;0;0;0;0;0;;;Total_Fase
20-01;F10;TOTAL_FASE;0;0;0;0;0;0;0;;;Total_Fase
20-01;F09;PF03;142;100;242;163.25584;174;122.5;148.2;;;Equipo
20-01;F09;PF21;200;28;228;281.9900160000001;141.8;19.9;80.9;;;Equipo
20-01;F09;PF22;200;168;368;283.30649600000004;141.2;118.6;129.9;;;Equipo
20-01;F09;PF23;171;104;275;322.9248;105.9;64.4;85.2;;;Equipo
20-01;F09;PF24;50;96;146;221.77848;45.1;86.6;65.8;;;Equipo
20-01;F09;PF25;0;0;0;297.5583600000001;0;0;0;;;Equipo
20-01;F09;PF26;120;58.5;178.5;289.6344;82.9;40.4;61.6;;;Equipo
20-01;F09;ROC;0;0;0;0;0;0;0;;;Equipo
20-01;F09;TOTAL_FASE;883;554.5;1437.5;1860.4483920000002;94.9;59.6;77.3;;;Total_Fase
20-01;F11;PFARR;17.5;187;204.5;699.5999999999999;5;53.5;29.2;;;Equipo
20-01;F11;ROC;162.7;0;162.7;0;0;0;0;;;Equipo
20-01;F11;PF07;143;210;353;261.013104;109.6;160.9;135.2;;;Equipo
20-01;F11;TOTAL_FASE;323.2;397;720.2;960.6131039999999;67.3;82.7;75;;;Total_Fase
20-01;TODAS;TOTAL_DIA;1206.2;951.5;2157.7;2821.0614960000003;85.5;67.5;76.5;;;Total_Dia
21-01;F12;TOTAL_FASE;0;0;0;0;0;0;0;;;Total_Fase
21-01;F10;TOTAL_FASE;0;0;0;0;0;0;0;;;Total_Fase
21-01;F09;PF03;114;42;156;98.37938879999999;231.8;85.4;158.6;;;Equipo
21-01;F09;PF21;0;65;65;197.39301120000005;0;65.9;32.9;;;Equipo
21-01;F09;PF22;204;20;224;198.3145472;205.7;20.2;113;;;Equipo
21-01;F09;PF23;70;34;104;135.628416;103.2;50.1;76.7;;;Equipo
21-01;F09;PF24;17;87;104;133.067088;25.6;130.8;78.2;;;Equipo
21-01;F09;PF25;0;35;35;0;0;0;0;;;Equipo
21-01;F09;PF26;164;45;209;215.47679999999997;152.2;41.8;97;;;Equipo
21-01;F09;ROC;0;0;0;0;0;0;0;;;Equipo
21-01;F09;TOTAL_FASE;569;328;897;978.2592512000001;116.3;67.1;91.7;;;Total_Fase
21-01;F11;PFARR;323;138;461;489.7199999999999;131.9;56.4;94.1;;;Equipo
21-01;F11;ROC;0;0;0;0;0;0;0;;;Equipo
21-01;F11;PF07;270;351;621;406.02038400000004;133;172.9;152.9;;;Equipo
21-01;F11;TOTAL_FASE;593;489;1082;895.740384;132.4;109.2;120.8;;;Total_Fase
21-01;TODAS;TOTAL_DIA;1162;817;1979;1873.9996352;124;87.2;105.6;;;Total_Dia
22-01;F12;TOTAL_FASE;0;0;0;0;0;0;0;;;Total_Fase
22-01;F10;TOTAL_FASE;0;0;0;0;0;0;0;;;Total_Fase
22-01;F09;PF03;100;71;171;156.15776;128.1;90.9;109.5;;;Equipo
22-01;F09;PF21;115;165;280;281.9900160000001;81.6;117;99.3;;;Equipo
22-01;F09;PF23;131;207;338;284.17382399999997;92.2;145.7;118.9;;;Equipo
22-01;F09;PF24;130;142;272;278.807232;93.3;101.9;97.6;;;Equipo
22-01;F09;PF25;175;196;371;250.4665152;139.7;156.5;148.1;;;Equipo
22-01;F09;PF26;187;196;383;307.824;121.5;127.3;124.4;;;Equipo
22-01;F09;ROC;0;0;0;0;0;0;0;;;Equipo
22-01;F09;TOTAL_FASE;838;977;1815;1559.4193472000002;107.5;125.3;116.4;;;Total_Fase
22-01;F11;PFARR;296;31;327;566.676;104.5;10.9;57.7;;;Equipo
22-01;F11;PF22;32;238;270;283.30649600000004;22.6;168;95.3;;;Equipo
22-01;F11;PF07;615;82;697;580.02912;212.1;28.3;120.2;;;Equipo
22-01;F11;TOTAL_FASE;943;351;1294;1430.0116160000002;131.9;49.1;90.5;;;Total_Fase
22-01;TODAS;TOTAL_DIA;1781;1328;3109;2989.4309632000004;119.2;88.8;104;;;Total_Dia
23-01;F12;TOTAL_FASE;0;0;0;0;0;0;0;;;Total_Fase
23-01;F10;TOTAL_FASE;0;0;0;0;0;0;0;;;Total_Fase
23-01;F09;PF03;98;130;228;156;125.6;166.7;146.2;;;Equipo
23-01;F09;PF21;170;117;287;197;172.6;118.8;145.7;;;Equipo
23-01;F09;PF23;275;255;530;226;243.4;225.7;234.5;;;Equipo
23-01;F09;PF24;205;162;367;222;184.7;145.9;165.3;;;Equipo
23-01;F09;PF25;122;87;209;345;70.7;50.4;60.6;;;Equipo
23-01;F09;PF26;238;65;303;336;141.7;38.7;90.2;;;Equipo
23-01;F09;ROC;0;0;0;0;0;0;0;;;Equipo
23-01;F09;TOTAL_FASE;1108;816;1924;1482;149.5;110.1;129.8;;;Total_Fase
23-01;F11;PFARR;359;222;581;630;114;70.5;92.2;;;Equipo
23-01;F11;PF22;480;492;972;644;149.1;152.8;150.9;;;Equipo
23-01;F11;PF07;0;0;0;0;0;0;0;;;Equipo
23-01;F11;TOTAL_FASE;839;714;1553;1274;131.7;112.1;121.9;;;Total_Fase
23-01;TODAS;TOTAL_DIA;1947;1530;3477;2756;141.3;111;126.2;;;Total_Dia
24-01;F12;TOTAL_FASE;0;0;0;0;0;0;0;;;Total_Fase
24-01;F10;TOTAL_FASE;0;0;0;0;0;0;0;;;Total_Fase
24-01;F09;PF03;55;0;55;153;71.9;0;35.9;;;Equipo
24-01;F09;PF21;155;165;320;254;122;129.9;126;;;Equipo
24-01;F09;PF23;155;85;240;291;106.5;58.4;82.5;;;Equipo
24-01;F09;PF24;95;180;275;311;61.1;115.8;88.4;;;Equipo
24-01;F09;PF25;173;130;303;345;100.3;75.4;87.8;;;Equipo
24-01;F09;PF26;0;0;0;336;0;0;0;;;Equipo
24-01;F09;ROC;0;0;0;0;0;0;0;;;Equipo
24-01;F09;TOTAL_FASE;633;560;1193;1690;74.9;66.3;70.6;;;Total_Fase
24-01;F11;PFARR;354;118;472;700;101.1;33.7;67.4;;;Equipo
24-01;F11;PF22;180;494;674;644;55.9;153.4;104.7;;;Equipo
24-01;F11;PF07;0;0;0;580;0;0;0;;;Equipo
24-01;F11;TOTAL_FASE;534;612;1146;1924;55.5;63.6;59.6;;;Total_Fase
24-01;TODAS;TOTAL_DIA;1167;1172;2339;3614;64.6;64.9;64.7;;;Total_Dia
25-01;F12;TOTAL_FASE;0;0;0;0;0;0;0;;;Total_Fase
25-01;F10;TOTAL_FASE;0;0;0;0;0;0;0;;;Total_Fase
25-01;F09;PF03;0;0;0;119;0;0;0;;;Equipo
25-01;F09;PF21;105;36;141;197;106.6;36.5;71.6;;;Equipo
25-01;F09;PF23;0;0;0;0;0;0;0;;;Equipo
25-01;F09;PF24;200;20;220;145;275.9;27.6;151.7;;;Equipo
25-01;F09;PF25;100;9;109;145;137.9;12.4;75.2;;;Equipo
25-01;F09;PF26;0;0;0;235;0;0;0;;;Equipo
25-01;F09;TOTAL_FASE;405;65;470;841;96.3;15.5;55.9;;;Total_Fase
25-01;F11;PFARR;289;17;306;397;145.6;8.6;77.1;;;Equipo
25-01;F11;PF22;510;198;708;406;251.2;97.5;174.4;;;Equipo
25-01;F11;PF07;468;68;536;406;230.5;33.5;132;;;Equipo
25-01;F11;TOTAL_FASE;1267;283;1550;1209;209.6;46.8;128.2;;;Total_Fase
25-01;TODAS;TOTAL_DIA;1672;348;2020;2050;163.1;34;98.5;;;Total_Dia
26-01;F12;TOTAL_FASE;0;0;0;0;0;0;0;;;Total_Fase
26-01;F10;TOTAL_FASE;0;0;0;0;0;0;0;;;Total_Fase
26-01;F09;PF03;0;140;140;0;0;0;0;;;Equipo
26-01;F09;PF21;162;85;247;282;114.9;60.3;87.6;;;Equipo
26-01;F09;PF23;0;0;0;0;0;0;0;;;Equipo
26-01;F09;PF24;118;32;150;317;74.4;20.2;47.3;;;Equipo
26-01;F09;PF25;112;51;163;285;78.6;35.8;57.2;;;Equipo
26-01;F09;PF26;119;130;249;302;78.8;86.1;82.5;;;Equipo
26-01;F09;TOTAL_FASE;511;438;949;1186;86.2;73.9;80;;;Total_Fase
26-01;F11;PFARR;17;102;119;630;5.4;32.4;18.9;;;Equipo
26-01;F11;PF07;407;381;788;580;140.3;131.4;135.9;;;Equipo
26-01;F11;PF22;18.5;0;18.5;579;6.4;0;3.2;;;Equipo
26-01;F11;TOTAL_FASE;442.5;483;925.5;1789;49.5;54;51.7;;;Total_Fase
26-01;TODAS;TOTAL_DIA;953.5;921;1874.5;2975;64.1;61.9;63;;;Total_Dia
27-01;F12;TOTAL_FASE;0;0;0;0;0;0;0;;;Total_Fase
27-01;F10;TOTAL_FASE;0;0;0;0;0;0;0;;;Total_Fase
27-01;F09;PF03;100;0;100;355;56.3;0;28.2;;;Equipo
27-01;F09;PF23;0;87;87;0;0;0;0;;;Equipo
27-01;F09;PF24;18;0;18;133;27.1;0;13.5;;;Equipo
27-01;F09;PF25;70;179;249;133;105.3;269.2;187.2;;;Equipo
27-01;F09;PF26;34;0;34;215;31.6;0;15.8;;;Equipo
27-01;F09;TOTAL_FASE;222;266;488;836;53.1;63.6;58.4;;;Total_Fase
27-01;F11;PFARR;238;212;450;567;84;74.8;79.4;;;Equipo
27-01;F11;PF07;366;190;556;580;126.2;65.5;95.9;;;Equipo
27-01;F11;PF21;35;162;0;197;35.5;164.5;0;;;Equipo
27-01;F11;PF22;0;0;0;579;0;0;0;;;Equipo
27-01;F11;TOTAL_FASE;639;564;1006;1923;66.5;58.7;52.3;;;Total_Fase
27-01;TODAS;TOTAL_DIA;861;830;1494;2759;62.4;60.2;54.2;;;Total_Dia
28-01;F12;TOTAL_FASE;0;0;0;0;0;0;0;;;Total_Fase
28-01;F10;TOTAL_FASE;0;0;0;0;0;0;0;;;Total_Fase
28-01;F09;PF03;100;210;310;355;56.3;118.3;87.3;;;Equipo
28-01;F09;PF23;197;64;261;160;246.3;80;163.1;;;Equipo
28-01;F09;PF24;0;0;0;317;0;0;0;;;Equipo
28-01;F09;PF25;183;76;259;316;115.8;48.1;82;;;Equipo
28-01;F09;PF26;0;0;0;308;0;0;0;;;Equipo
28-01;F09;TOTAL_FASE;480;350;830;1456;65.9;48.1;57;;;Total_Fase
28-01;F11;PFARR;265.9;248;513.9;630;84.4;78.7;81.6;;;Equipo
28-01;F11;PF07;68;250;318;580;23.4;86.2;54.8;;;Equipo
28-01;F11;PF21;330;398;728;254;259.8;313.4;286.6;;;Equipo
28-01;F11;PF22;40;120;0;0;0;0;0;;;Equipo
28-01;F11;TOTAL_FASE;703.9;1016;1559.9;1464;96.2;138.8;106.6;;;Total_Fase
28-01;TODAS;TOTAL_DIA;1183.9;1366;2389.9;2920;81.1;93.6;81.8;;;Total_Dia
29-01;F12;TOTAL_FASE;0;0;0;0;0;0;0;;;Total_Fase
29-01;F10;TOTAL_FASE;0;0;0;0;0;0;0;;;Total_Fase
29-01;F09;PF03;228;34;262;106;430.2;64.2;247.2;;;Equipo
29-01;F09;PF21;0;52;52;197;0;52.8;26.4;;;Equipo
29-01;F09;PF23;162;190;352;136;238.2;279.4;258.8;;;Equipo
29-01;F09;PF24;0;0;0;120;0;0;0;;;Equipo
29-01;F09;PF25;161;221;382;133;242.1;332.3;287.2;;;Equipo
29-01;F09;PF26;0;0;0;215;0;0;0;;;Equipo
29-01;F09;TOTAL_FASE;551;497;1048;907;121.5;109.6;115.5;;;Total_Fase
29-01;F11;PFARR;238;0;238;0;0;0;0;;;Equipo
29-01;F11;PF07;340;51;391;0;0;0;0;;;Equipo
29-01;F11;PF22;221;0;221;451;98;0;49;;;Equipo
29-01;F11;TOTAL_FASE;799;51;850;451;354.3;22.6;188.5;;;Total_Fase
29-01;TODAS;TOTAL_DIA;1350;548;1898;1358;198.8;80.7;139.8;;;Total_Dia
30-01;F12;PF22;0;170;170;644;0;52.8;26.4;;;Equipo
30-01;F12;ROC;147;147.5;294.5;0;0;0;0;;;Equipo
30-01;F12;TOTAL_FASE;147;317.5;464.5;644;45.7;98.6;72.1;;;Total_Fase
30-01;F10;TOTAL_FASE;0;0;0;0;0;0;0;;;Total_Fase
30-01;F09;PF03;0;0;0;0;0;0;0;;;Equipo
30-01;F09;PF21;150;15;165;282;106.4;10.6;58.5;;;Equipo
30-01;F09;PF23;215;126;341;323;133.1;78;105.6;;;Equipo
30-01;F09;PF24;120;140;260;285;84.2;98.2;91.2;;;Equipo
30-01;F09;PF25;214;160;374;285;150.2;112.3;131.2;;;Equipo
30-01;F09;PF26;0;0;0;276;0;0;0;;;Equipo
30-01;F09;TOTAL_FASE;699;441;1140;1451;96.3;60.8;78.6;;;Total_Fase
30-01;F11;PFARR;0;51;51;313;0;32.6;16.3;;;Equipo
30-01;F11;PF07;123;435;558;289;85.1;301;193.1;;;Equipo
30-01;F11;TOTAL_FASE;123;486;609;602;40.9;161.5;101.2;;;Total_Fase
30-01;TODAS;TOTAL_DIA;969;1244.5;2213.5;2697;71.9;92.3;82.1;;;Total_Dia
31-01;F12;PF22;501;501;1002;644;155.6;155.6;155.6;;;Equipo
31-01;F12;ROC;150;150;300;0;0;0;0;;;Equipo
31-01;F12;TOTAL_FASE;651;651;1302;644;202.2;202.2;202.2;;;Total_Fase
31-01;F10;TOTAL_FASE;0;0;0;0;0;0;0;;;Total_Fase
31-01;F09;PF03;0;0;0;0;0;0;0;;;Equipo
31-01;F09;PF21;57;102;159;178;64;114.6;89.3;;;Equipo
31-01;F09;PF23;104;60;164;127;163.8;94.5;129.1;;;Equipo
31-01;F09;PF24;144;70;214;133;216.5;105.3;160.9;;;Equipo
31-01;F09;PF25;137;71;208;133;206;106.8;156.4;;;Equipo
31-01;F09;PF26;119;125;244;215;110.7;116.3;113.5;;;Equipo
31-01;F09;TOTAL_FASE;561;428;989;786;142.7;108.9;125.8;;;Total_Fase
31-01;F11;PFARR;210;135;345;403;104.2;67;85.6;;;Equipo
31-01;F11;PF07;266;153;419;412;129.1;74.3;101.7;;;Equipo
31-01;F11;TOTAL_FASE;476;288;764;815;116.8;70.7;93.7;;;Total_Fase
31-01;TODAS;TOTAL_DIA;1688;1367;3055;2245;150.4;121.8;136.1;;;Total_Dia
01-02;F12;PF22;562;299;861;579;194.1;103.3;148.7;;;Equipo
01-02;F12;ROC;0;294;294;0;0;0;0;;;Equipo
01-02;F12;TOTAL_FASE;562;593;1155;579;194.1;204.8;199.5;;;Total_Fase
01-02;F10;TOTAL_FASE;0;0;0;0;0;0;0;;;Total_Fase
01-02;F09;PF03;0;0;0;356;0;0;0;;;Equipo
01-02;F09;PF21;236;34;270;282;167.4;24.1;95.7;;;Equipo
01-02;F09;PF23;22.5;17.5;40;0;0;0;0;;;Equipo
01-02;F09;PF24;167;45;212;317;105.4;28.4;66.9;;;Equipo
01-02;F09;PF25;161;54;215;316;101.9;34.2;68;;;Equipo
01-02;F09;PF26;102;34;136;308;66.2;22.1;44.2;;;Equipo
01-02;F09;TOTAL_FASE;688.5;184.5;873;1579;87.2;23.4;55.3;;;Total_Fase
01-02;F11;PFARR;273;194;467;448;121.9;86.6;104.2;;;Equipo
01-02;F11;PF07;450;330;780;371;242.6;177.9;210.2;;;Equipo
01-02;F11;TOTAL_FASE;723;524;1247;819;176.6;128;152.3;;;Total_Fase
01-02;TODAS;TOTAL_DIA;1973.5;1301.5;3275;2977;132.6;87.4;110;;;Total_Dia
02-02;F12;PF22;535;357;892;451;237.3;158.3;197.8;;;Equipo
02-02;F12;ROC;129.5;0;129.5;0;0;0;0;;;Equipo
02-02;F12;TOTAL_FASE;664.5;357;1021.5;451;294.7;158.3;226.5;;;Total_Fase
02-02;F10;TOTAL_FASE;0;0;0;0;0;0;0;;;Total_Fase
02-02;F09;PF03;0;0;0;224;0;0;0;;;Equipo
02-02;F09;PF21;153;167;320;282;108.5;118.4;113.5;;;Equipo
02-02;F09;PF23;0;0;0;0;0;0;0;;;Equipo
02-02;F09;PF24;111;180;291;317;70;113.6;91.8;;;Equipo
02-02;F09;PF25;138;198;336;316;87.3;125.3;106.3;;;Equipo
02-02;F09;PF26;102;170;272;308;66.2;110.4;88.3;;;Equipo
02-02;F09;TOTAL_FASE;504;715;1219;1447;69.7;98.8;84.2;;;Total_Fase
02-02;F11;PFARR;328;0;328;448;146.4;0;73.2;;;Equipo
02-02;F11;PF07;332;377;709;412;161.2;183;172.1;;;Equipo
02-02;F11;TOTAL_FASE;660;377;1037;860;153.5;87.7;120.6;;;Total_Fase
02-02;TODAS;TOTAL_DIA;1828.5;1449;3277.5;2758;132.6;105.1;118.8;;;Total_Dia
03-02;F12;PF22;254.5;0;254.5;644;79;0;39.5;;;Equipo
03-02;F12;ROC;0;0;0;0;0;0;0;;;Equipo
03-02;F12;TOTAL_FASE;254.5;0;254.5;644;79;0;39.5;;;Total_Fase
03-02;F10;TOTAL_FASE;0;0;0;0;0;0;0;;;Total_Fase
03-02;F09;PF03;0;0;0;355;0;0;0;;;Equipo
03-02;F09;PF21;141;175;316;282;100;124.1;112.1;;;Equipo
03-02;F09;PF23;0;0;0;151;0;0;0;;;Equipo
03-02;F09;PF24;195;150;345;317;123;94.6;108.8;;;Equipo
03-02;F09;PF25;179;230;409;316;113.3;145.6;129.4;;;Equipo
03-02;F09;PF26;115;127;242;308;74.7;82.5;78.6;;;Equipo
03-02;F09;TOTAL_FASE;630;682;1312;1729;72.9;78.9;75.9;;;Total_Fase
03-02;F11;PFARR;170;136;306;403;84.4;67.5;75.9;;;Equipo
03-02;F11;PF07;160;275;435;412;77.7;133.5;105.6;;;Equipo
03-02;F11;TOTAL_FASE;330;411;741;815;81;100.9;90.9;;;Total_Fase
03-02;TODAS;TOTAL_DIA;1214.5;1093;2307.5;3188;76.2;68.6;72.4;;;Total_Dia
04-02;F12;PF22;229;0;229;644;71.1;0;35.6;;;Equipo
04-02;F12;ROC;0;0;0;0;0;0;0;;;Equipo
04-02;F12;TOTAL_FASE;229;0;229;644;71.1;0;35.6;;;Total_Fase
04-02;F10;TOTAL_FASE;0;0;0;0;0;0;0;;;Total_Fase
04-02;F09;PF21;206;0;206;254;162.2;0;81.1;;;Equipo
04-02;F09;PF23;0;0;0;324;0;0;0;;;Equipo
04-02;F09;PF24;160;0;160;317;100.9;0;50.5;;;Equipo
04-02;F09;PF25;162;0;162;316;102.5;0;51.3;;;Equipo
04-02;F09;PF26;68;0;68;308;44.2;0;22.1;;;Equipo
04-02;F09;TOTAL_FASE;596;0;596;1519;78.5;0;39.2;;;Total_Fase
04-02;F11;PFARR;41;0;41;448;18.3;0;9.2;;;Equipo
04-02;F11;PF07;124;0;124;309;80.3;0;40.1;;;Equipo
04-02;F11;PF03;0;0;0;355;0;0;0;;;Equipo
04-02;F11;TOTAL_FASE;165;0;165;1112;29.7;0;14.8;;;Total_Fase
04-02;TODAS;TOTAL_DIA;990;0;990;3275;60.5;0;30.2;;;Total_Dia
05-02;F12;PF22;0;0;0;0;0;0;0;;;Equipo
05-02;F12;ROC;0;0;0;0;0;0;0;;;Equipo
05-02;F12;TOTAL_FASE;0;0;0;0;0;0;0;;;Total_Fase
05-02;F10;TOTAL_FASE;0;0;0;0;0;0;0;;;Total_Fase
05-02;F09;PF21;0;0;0;155;0;0;0;;;Equipo
05-02;F09;PF23;0;0;0;178;0;0;0;;;Equipo
05-02;F09;PF24;0;0;0;174;0;0;0;;;Equipo
05-02;F09;PF25;0;0;0;174;0;0;0;;;Equipo
05-02;F09;PF26;0;0;0;160;0;0;0;;;Equipo
05-02;F09;TOTAL_FASE;0;0;0;841;0;0;0;;;Total_Fase
05-02;F11;PFARR;0;0;0;323;0;0;0;;;Equipo
05-02;F11;PF07;0;0;0;289;0;0;0;;;Equipo
05-02;F11;PF03;0;0;0;0;0;0;0;;;Equipo
05-02;F11;TOTAL_FASE;0;0;0;612;0;0;0;;;Total_Fase
05-02;TODAS;TOTAL_DIA;0;0;0;1453;0;0;0;;;Total_Dia
